-1,-1,KsCkcipP3hawshI3cvhA4Hhe9oU=,KC1/eTbHWrfmJokFWeWGFzXna/8=
-4,-1,Kk/H1nufQU/uMZF952Fv6/j153w=,9RSfBNfv2TaE5VMkkGsXrJKKMFg=
-1,-2,pupfXkJrcfLk2hsN0joz51s3/60=,yMwcKxUbVpwm6cnbKlgrgSW8nmA=
-2,-2,KsCkcipP3hawshI3cvhA4Hhe9oU=,T4+bmHgOVazLt6N4K2m5VlEr6TU=
-2,-1,KsCkcipP3hawshI3cvhA4Hhe9oU=,T4+bmHgOVazLt6N4K2m5VlEr6TU=
-3,-2,KsCkcipP3hawshI3cvhA4Hhe9oU=,T4+bmHgOVazLt6N4K2m5VlEr6TU=
-4,-2,KsCkcipP3hawshI3cvhA4Hhe9oU=,T4+bmHgOVazLt6N4K2m5VlEr6TU=
-5,-2,KsCkcipP3hawshI3cvhA4Hhe9oU=,T4+bmHgOVazLt6N4K2m5VlEr6TU=
-6,-2,KsCkcipP3hawshI3cvhA4Hhe9oU=,T4+bmHgOVazLt6N4K2m5VlEr6TU=
-6,-1,KsCkcipP3hawshI3cvhA4Hhe9oU=,T4+bmHgOVazLt6N4K2m5VlEr6TU=
-6,-3,KsCkcipP3hawshI3cvhA4Hhe9oU=,KC1/eTbHWrfmJokFWeWGFzXna/8=
-7,-3,KsCkcipP3hawshI3cvhA4Hhe9oU=,T4+bmHgOVazLt6N4K2m5VlEr6TU=
-7,-1,KsCkcipP3hawshI3cvhA4Hhe9oU=,T4+bmHgOVazLt6N4K2m5VlEr6TU=
-7,-2,KsCkcipP3hawshI3cvhA4Hhe9oU=,Dl9oGwcMz1uIU3ZM0Q1TgiuiDlg=
-8,-4,KsCkcipP3hawshI3cvhA4Hhe9oU=,T4+bmHgOVazLt6N4K2m5VlEr6TU=
-8,-3,KsCkcipP3hawshI3cvhA4Hhe9oU=,dEVxcYBWk9HmR/CIjgkLKIK2vhk=
-9,-3,KsCkcipP3hawshI3cvhA4Hhe9oU=,T4+bmHgOVazLt6N4K2m5VlEr6TU=
