0,3,NGVF7SklT2iz0AwRYiaDQirMDeA=,EyfVx6CqtAAGOEx3jefqUUibY54=
3,3,NGVF7SklT2iz0AwRYiaDQirMDeA=,EyfVx6CqtAAGOEx3jefqUUibY54=
1,1,NGVF7SklT2iz0AwRYiaDQirMDeA=,EyfVx6CqtAAGOEx3jefqUUibY54=
2,3,NGVF7SklT2iz0AwRYiaDQirMDeA=,EyfVx6CqtAAGOEx3jefqUUibY54=
3,2,NGVF7SklT2iz0AwRYiaDQirMDeA=,EyfVx6CqtAAGOEx3jefqUUibY54=
3,1,NGVF7SklT2iz0AwRYiaDQirMDeA=,EyfVx6CqtAAGOEx3jefqUUibY54=
1,3,NGVF7SklT2iz0AwRYiaDQirMDeA=,EyfVx6CqtAAGOEx3jefqUUibY54=
1,2,NGVF7SklT2iz0AwRYiaDQirMDeA=,EyfVx6CqtAAGOEx3jefqUUibY54=
0,2,NGVF7SklT2iz0AwRYiaDQirMDeA=,EyfVx6CqtAAGOEx3jefqUUibY54=
2,1,NGVF7SklT2iz0AwRYiaDQirMDeA=,EyfVx6CqtAAGOEx3jefqUUibY54=
3,0,NGVF7SklT2iz0AwRYiaDQirMDeA=,EyfVx6CqtAAGOEx3jefqUUibY54=
0,1,NGVF7SklT2iz0AwRYiaDQirMDeA=,EyfVx6CqtAAGOEx3jefqUUibY54=
2,2,NGVF7SklT2iz0AwRYiaDQirMDeA=,EyfVx6CqtAAGOEx3jefqUUibY54=
2,0,NGVF7SklT2iz0AwRYiaDQirMDeA=,EyfVx6CqtAAGOEx3jefqUUibY54=
1,0,NGVF7SklT2iz0AwRYiaDQirMDeA=,EyfVx6CqtAAGOEx3jefqUUibY54=
0,0,NGVF7SklT2iz0AwRYiaDQirMDeA=,EyfVx6CqtAAGOEx3jefqUUibY54=
5,4,NGVF7SklT2iz0AwRYiaDQirMDeA=,KjRqR2l/HC21NkDQ98KxwlrnKGk=
6,5,NGVF7SklT2iz0AwRYiaDQirMDeA=,KjRqR2l/HC21NkDQ98KxwlrnKGk=
7,4,NGVF7SklT2iz0AwRYiaDQirMDeA=,KjRqR2l/HC21NkDQ98KxwlrnKGk=
6,4,NGVF7SklT2iz0AwRYiaDQirMDeA=,KjRqR2l/HC21NkDQ98KxwlrnKGk=
4,5,NGVF7SklT2iz0AwRYiaDQirMDeA=,KjRqR2l/HC21NkDQ98KxwlrnKGk=
6,7,NGVF7SklT2iz0AwRYiaDQirMDeA=,KjRqR2l/HC21NkDQ98KxwlrnKGk=
5,5,NGVF7SklT2iz0AwRYiaDQirMDeA=,KjRqR2l/HC21NkDQ98KxwlrnKGk=
5,7,NGVF7SklT2iz0AwRYiaDQirMDeA=,KjRqR2l/HC21NkDQ98KxwlrnKGk=
7,6,NGVF7SklT2iz0AwRYiaDQirMDeA=,KjRqR2l/HC21NkDQ98KxwlrnKGk=
7,5,NGVF7SklT2iz0AwRYiaDQirMDeA=,KjRqR2l/HC21NkDQ98KxwlrnKGk=
5,6,NGVF7SklT2iz0AwRYiaDQirMDeA=,KjRqR2l/HC21NkDQ98KxwlrnKGk=
6,6,NGVF7SklT2iz0AwRYiaDQirMDeA=,KjRqR2l/HC21NkDQ98KxwlrnKGk=
7,7,NGVF7SklT2iz0AwRYiaDQirMDeA=,KjRqR2l/HC21NkDQ98KxwlrnKGk=
4,4,NGVF7SklT2iz0AwRYiaDQirMDeA=,KjRqR2l/HC21NkDQ98KxwlrnKGk=
4,7,NGVF7SklT2iz0AwRYiaDQirMDeA=,KjRqR2l/HC21NkDQ98KxwlrnKGk=
4,6,NGVF7SklT2iz0AwRYiaDQirMDeA=,KjRqR2l/HC21NkDQ98KxwlrnKGk=
1,14,NGVF7SklT2iz0AwRYiaDQirMDeA=,lbkQyEPeLbW1P+5WwWBpJxPTBH4=
1,13,NGVF7SklT2iz0AwRYiaDQirMDeA=,lbkQyEPeLbW1P+5WwWBpJxPTBH4=
2,14,NGVF7SklT2iz0AwRYiaDQirMDeA=,lbkQyEPeLbW1P+5WwWBpJxPTBH4=
2,13,NGVF7SklT2iz0AwRYiaDQirMDeA=,lbkQyEPeLbW1P+5WwWBpJxPTBH4=
3,13,NGVF7SklT2iz0AwRYiaDQirMDeA=,lbkQyEPeLbW1P+5WwWBpJxPTBH4=
3,14,NGVF7SklT2iz0AwRYiaDQirMDeA=,lbkQyEPeLbW1P+5WwWBpJxPTBH4=
0,14,NGVF7SklT2iz0AwRYiaDQirMDeA=,lbkQyEPeLbW1P+5WwWBpJxPTBH4=
0,13,NGVF7SklT2iz0AwRYiaDQirMDeA=,lbkQyEPeLbW1P+5WwWBpJxPTBH4=
1,15,NGVF7SklT2iz0AwRYiaDQirMDeA=,lbkQyEPeLbW1P+5WwWBpJxPTBH4=
0,15,NGVF7SklT2iz0AwRYiaDQirMDeA=,lbkQyEPeLbW1P+5WwWBpJxPTBH4=
2,15,NGVF7SklT2iz0AwRYiaDQirMDeA=,lbkQyEPeLbW1P+5WwWBpJxPTBH4=
3,15,NGVF7SklT2iz0AwRYiaDQirMDeA=,lbkQyEPeLbW1P+5WwWBpJxPTBH4=
7,11,NGVF7SklT2iz0AwRYiaDQirMDeA=,aqn3eozlKou3wYI0jFcY+AjjNUo=
6,11,NGVF7SklT2iz0AwRYiaDQirMDeA=,aqn3eozlKou3wYI0jFcY+AjjNUo=
5,11,NGVF7SklT2iz0AwRYiaDQirMDeA=,aqn3eozlKou3wYI0jFcY+AjjNUo=
7,10,NGVF7SklT2iz0AwRYiaDQirMDeA=,aqn3eozlKou3wYI0jFcY+AjjNUo=
6,10,NGVF7SklT2iz0AwRYiaDQirMDeA=,aqn3eozlKou3wYI0jFcY+AjjNUo=
5,10,NGVF7SklT2iz0AwRYiaDQirMDeA=,aqn3eozlKou3wYI0jFcY+AjjNUo=
6,8,NGVF7SklT2iz0AwRYiaDQirMDeA=,aqn3eozlKou3wYI0jFcY+AjjNUo=
7,9,NGVF7SklT2iz0AwRYiaDQirMDeA=,aqn3eozlKou3wYI0jFcY+AjjNUo=
7,8,NGVF7SklT2iz0AwRYiaDQirMDeA=,aqn3eozlKou3wYI0jFcY+AjjNUo=
6,9,NGVF7SklT2iz0AwRYiaDQirMDeA=,aqn3eozlKou3wYI0jFcY+AjjNUo=
0,8,NGVF7SklT2iz0AwRYiaDQirMDeA=,9KjqE38vB2GWvFEr5sNmEsGmuNI=
1,8,NGVF7SklT2iz0AwRYiaDQirMDeA=,9KjqE38vB2GWvFEr5sNmEsGmuNI=
2,9,NGVF7SklT2iz0AwRYiaDQirMDeA=,9KjqE38vB2GWvFEr5sNmEsGmuNI=
3,12,NGVF7SklT2iz0AwRYiaDQirMDeA=,lbkQyEPeLbW1P+5WwWBpJxPTBH4=
2,8,NGVF7SklT2iz0AwRYiaDQirMDeA=,9KjqE38vB2GWvFEr5sNmEsGmuNI=
4,11,NGVF7SklT2iz0AwRYiaDQirMDeA=,aqn3eozlKou3wYI0jFcY+AjjNUo=
3,8,NGVF7SklT2iz0AwRYiaDQirMDeA=,9KjqE38vB2GWvFEr5sNmEsGmuNI=
5,9,NGVF7SklT2iz0AwRYiaDQirMDeA=,aqn3eozlKou3wYI0jFcY+AjjNUo=
3,11,NGVF7SklT2iz0AwRYiaDQirMDeA=,9KjqE38vB2GWvFEr5sNmEsGmuNI=
4,10,NGVF7SklT2iz0AwRYiaDQirMDeA=,aqn3eozlKou3wYI0jFcY+AjjNUo=
4,9,NGVF7SklT2iz0AwRYiaDQirMDeA=,aqn3eozlKou3wYI0jFcY+AjjNUo=
3,9,NGVF7SklT2iz0AwRYiaDQirMDeA=,9KjqE38vB2GWvFEr5sNmEsGmuNI=
2,12,NGVF7SklT2iz0AwRYiaDQirMDeA=,lbkQyEPeLbW1P+5WwWBpJxPTBH4=
5,8,NGVF7SklT2iz0AwRYiaDQirMDeA=,aqn3eozlKou3wYI0jFcY+AjjNUo=
3,10,NGVF7SklT2iz0AwRYiaDQirMDeA=,9KjqE38vB2GWvFEr5sNmEsGmuNI=
1,9,NGVF7SklT2iz0AwRYiaDQirMDeA=,9KjqE38vB2GWvFEr5sNmEsGmuNI=
0,9,NGVF7SklT2iz0AwRYiaDQirMDeA=,9KjqE38vB2GWvFEr5sNmEsGmuNI=
2,11,NGVF7SklT2iz0AwRYiaDQirMDeA=,9KjqE38vB2GWvFEr5sNmEsGmuNI=
1,10,NGVF7SklT2iz0AwRYiaDQirMDeA=,9KjqE38vB2GWvFEr5sNmEsGmuNI=
0,12,NGVF7SklT2iz0AwRYiaDQirMDeA=,lbkQyEPeLbW1P+5WwWBpJxPTBH4=
4,8,NGVF7SklT2iz0AwRYiaDQirMDeA=,aqn3eozlKou3wYI0jFcY+AjjNUo=
2,10,NGVF7SklT2iz0AwRYiaDQirMDeA=,9KjqE38vB2GWvFEr5sNmEsGmuNI=
1,12,NGVF7SklT2iz0AwRYiaDQirMDeA=,lbkQyEPeLbW1P+5WwWBpJxPTBH4=
1,11,NGVF7SklT2iz0AwRYiaDQirMDeA=,9KjqE38vB2GWvFEr5sNmEsGmuNI=
0,11,0PoE4EVOIEqfnjTAR5tKbbr5Q5c=,9KjqE38vB2GWvFEr5sNmEsGmuNI=
0,10,0PoE4EVOIEqfnjTAR5tKbbr5Q5c=,9KjqE38vB2GWvFEr5sNmEsGmuNI=
2,6,WL4eNa/Z+2I9u5eor02zIeKkEug=,hmMEjtgNq4GDghHsVBjAGjmPaMo=
2,5,WL4eNa/Z+2I9u5eor02zIeKkEug=,hmMEjtgNq4GDghHsVBjAGjmPaMo=
1,5,WL4eNa/Z+2I9u5eor02zIeKkEug=,hmMEjtgNq4GDghHsVBjAGjmPaMo=
1,6,WL4eNa/Z+2I9u5eor02zIeKkEug=,hmMEjtgNq4GDghHsVBjAGjmPaMo=
3,6,WL4eNa/Z+2I9u5eor02zIeKkEug=,hmMEjtgNq4GDghHsVBjAGjmPaMo=
3,5,WL4eNa/Z+2I9u5eor02zIeKkEug=,hmMEjtgNq4GDghHsVBjAGjmPaMo=
0,6,WL4eNa/Z+2I9u5eor02zIeKkEug=,hmMEjtgNq4GDghHsVBjAGjmPaMo=
0,5,WL4eNa/Z+2I9u5eor02zIeKkEug=,hmMEjtgNq4GDghHsVBjAGjmPaMo=
3,4,WL4eNa/Z+2I9u5eor02zIeKkEug=,hmMEjtgNq4GDghHsVBjAGjmPaMo=
2,4,WL4eNa/Z+2I9u5eor02zIeKkEug=,hmMEjtgNq4GDghHsVBjAGjmPaMo=
0,4,WL4eNa/Z+2I9u5eor02zIeKkEug=,hmMEjtgNq4GDghHsVBjAGjmPaMo=
1,4,WL4eNa/Z+2I9u5eor02zIeKkEug=,hmMEjtgNq4GDghHsVBjAGjmPaMo=
3,7,WL4eNa/Z+2I9u5eor02zIeKkEug=,hmMEjtgNq4GDghHsVBjAGjmPaMo=
2,7,WL4eNa/Z+2I9u5eor02zIeKkEug=,hmMEjtgNq4GDghHsVBjAGjmPaMo=
1,7,WL4eNa/Z+2I9u5eor02zIeKkEug=,hmMEjtgNq4GDghHsVBjAGjmPaMo=
0,7,WL4eNa/Z+2I9u5eor02zIeKkEug=,hmMEjtgNq4GDghHsVBjAGjmPaMo=
9,28,WxUb67N7QKZCr0CRTMLP/IHqmHU=,rS8oUoPosdOWb0F/cYV2d+apVdM=
14,26,WxUb67N7QKZCr0CRTMLP/IHqmHU=,d/UqKLnyAT7hlSxM4G9BniORSAw=
12,25,WxUb67N7QKZCr0CRTMLP/IHqmHU=,d/UqKLnyAT7hlSxM4G9BniORSAw=
13,25,WxUb67N7QKZCr0CRTMLP/IHqmHU=,d/UqKLnyAT7hlSxM4G9BniORSAw=
14,25,WxUb67N7QKZCr0CRTMLP/IHqmHU=,d/UqKLnyAT7hlSxM4G9BniORSAw=
12,26,WxUb67N7QKZCr0CRTMLP/IHqmHU=,d/UqKLnyAT7hlSxM4G9BniORSAw=
13,26,WxUb67N7QKZCr0CRTMLP/IHqmHU=,d/UqKLnyAT7hlSxM4G9BniORSAw=
14,27,WxUb67N7QKZCr0CRTMLP/IHqmHU=,d/UqKLnyAT7hlSxM4G9BniORSAw=
14,29,WxUb67N7QKZCr0CRTMLP/IHqmHU=,gAzH1opcRxS7QwsupDVcIeheBhk=
11,29,WxUb67N7QKZCr0CRTMLP/IHqmHU=,rS8oUoPosdOWb0F/cYV2d+apVdM=
12,30,WxUb67N7QKZCr0CRTMLP/IHqmHU=,gAzH1opcRxS7QwsupDVcIeheBhk=
13,30,WxUb67N7QKZCr0CRTMLP/IHqmHU=,gAzH1opcRxS7QwsupDVcIeheBhk=
14,30,WxUb67N7QKZCr0CRTMLP/IHqmHU=,gAzH1opcRxS7QwsupDVcIeheBhk=
13,28,WxUb67N7QKZCr0CRTMLP/IHqmHU=,gAzH1opcRxS7QwsupDVcIeheBhk=
14,28,WxUb67N7QKZCr0CRTMLP/IHqmHU=,gAzH1opcRxS7QwsupDVcIeheBhk=
13,27,WxUb67N7QKZCr0CRTMLP/IHqmHU=,d/UqKLnyAT7hlSxM4G9BniORSAw=
12,29,WxUb67N7QKZCr0CRTMLP/IHqmHU=,gAzH1opcRxS7QwsupDVcIeheBhk=
11,30,WxUb67N7QKZCr0CRTMLP/IHqmHU=,rS8oUoPosdOWb0F/cYV2d+apVdM=
13,29,WxUb67N7QKZCr0CRTMLP/IHqmHU=,gAzH1opcRxS7QwsupDVcIeheBhk=
10,30,WxUb67N7QKZCr0CRTMLP/IHqmHU=,rS8oUoPosdOWb0F/cYV2d+apVdM=
9,30,WxUb67N7QKZCr0CRTMLP/IHqmHU=,rS8oUoPosdOWb0F/cYV2d+apVdM=
10,29,WxUb67N7QKZCr0CRTMLP/IHqmHU=,rS8oUoPosdOWb0F/cYV2d+apVdM=
9,29,WxUb67N7QKZCr0CRTMLP/IHqmHU=,rS8oUoPosdOWb0F/cYV2d+apVdM=
12,27,WxUb67N7QKZCr0CRTMLP/IHqmHU=,d/UqKLnyAT7hlSxM4G9BniORSAw=
11,28,WxUb67N7QKZCr0CRTMLP/IHqmHU=,rS8oUoPosdOWb0F/cYV2d+apVdM=
10,28,WxUb67N7QKZCr0CRTMLP/IHqmHU=,rS8oUoPosdOWb0F/cYV2d+apVdM=
12,28,WxUb67N7QKZCr0CRTMLP/IHqmHU=,gAzH1opcRxS7QwsupDVcIeheBhk=
7,30,fBtJto2Xp6i8nUkAakZBq6uoqaU=,yIn5vvNra0Oo8r4RzZ7e1wJdsHk=
6,29,fBtJto2Xp6i8nUkAakZBq6uoqaU=,yIn5vvNra0Oo8r4RzZ7e1wJdsHk=
5,29,fBtJto2Xp6i8nUkAakZBq6uoqaU=,yIn5vvNra0Oo8r4RzZ7e1wJdsHk=
7,28,fBtJto2Xp6i8nUkAakZBq6uoqaU=,yIn5vvNra0Oo8r4RzZ7e1wJdsHk=
8,29,WxUb67N7QKZCr0CRTMLP/IHqmHU=,rS8oUoPosdOWb0F/cYV2d+apVdM=
6,28,fBtJto2Xp6i8nUkAakZBq6uoqaU=,yIn5vvNra0Oo8r4RzZ7e1wJdsHk=
8,28,WxUb67N7QKZCr0CRTMLP/IHqmHU=,rS8oUoPosdOWb0F/cYV2d+apVdM=
5,28,fBtJto2Xp6i8nUkAakZBq6uoqaU=,yIn5vvNra0Oo8r4RzZ7e1wJdsHk=
7,29,fBtJto2Xp6i8nUkAakZBq6uoqaU=,yIn5vvNra0Oo8r4RzZ7e1wJdsHk=
2,30,fBtJto2Xp6i8nUkAakZBq6uoqaU=,I2agY3/FTLUUA6512i7kGqoRBD4=
1,29,fBtJto2Xp6i8nUkAakZBq6uoqaU=,I2agY3/FTLUUA6512i7kGqoRBD4=
3,30,fBtJto2Xp6i8nUkAakZBq6uoqaU=,I2agY3/FTLUUA6512i7kGqoRBD4=
2,29,fBtJto2Xp6i8nUkAakZBq6uoqaU=,I2agY3/FTLUUA6512i7kGqoRBD4=
4,29,fBtJto2Xp6i8nUkAakZBq6uoqaU=,yIn5vvNra0Oo8r4RzZ7e1wJdsHk=
1,30,fBtJto2Xp6i8nUkAakZBq6uoqaU=,I2agY3/FTLUUA6512i7kGqoRBD4=
4,31,fBtJto2Xp6i8nUkAakZBq6uoqaU=,yIn5vvNra0Oo8r4RzZ7e1wJdsHk=
1,31,fBtJto2Xp6i8nUkAakZBq6uoqaU=,I2agY3/FTLUUA6512i7kGqoRBD4=
3,31,fBtJto2Xp6i8nUkAakZBq6uoqaU=,I2agY3/FTLUUA6512i7kGqoRBD4=
2,31,fBtJto2Xp6i8nUkAakZBq6uoqaU=,I2agY3/FTLUUA6512i7kGqoRBD4=
14,31,WxUb67N7QKZCr0CRTMLP/IHqmHU=,gAzH1opcRxS7QwsupDVcIeheBhk=
12,31,WxUb67N7QKZCr0CRTMLP/IHqmHU=,gAzH1opcRxS7QwsupDVcIeheBhk=
13,31,WxUb67N7QKZCr0CRTMLP/IHqmHU=,gAzH1opcRxS7QwsupDVcIeheBhk=
10,31,WxUb67N7QKZCr0CRTMLP/IHqmHU=,rS8oUoPosdOWb0F/cYV2d+apVdM=
7,31,fBtJto2Xp6i8nUkAakZBq6uoqaU=,yIn5vvNra0Oo8r4RzZ7e1wJdsHk=
11,31,WxUb67N7QKZCr0CRTMLP/IHqmHU=,rS8oUoPosdOWb0F/cYV2d+apVdM=
8,31,WxUb67N7QKZCr0CRTMLP/IHqmHU=,rS8oUoPosdOWb0F/cYV2d+apVdM=
9,31,WxUb67N7QKZCr0CRTMLP/IHqmHU=,rS8oUoPosdOWb0F/cYV2d+apVdM=
13,24,WxUb67N7QKZCr0CRTMLP/IHqmHU=,d/UqKLnyAT7hlSxM4G9BniORSAw=
14,24,WxUb67N7QKZCr0CRTMLP/IHqmHU=,d/UqKLnyAT7hlSxM4G9BniORSAw=
8,30,WxUb67N7QKZCr0CRTMLP/IHqmHU=,rS8oUoPosdOWb0F/cYV2d+apVdM=
0,31,fBtJto2Xp6i8nUkAakZBq6uoqaU=,I2agY3/FTLUUA6512i7kGqoRBD4=
0,30,fBtJto2Xp6i8nUkAakZBq6uoqaU=,I2agY3/FTLUUA6512i7kGqoRBD4=
15,26,WxUb67N7QKZCr0CRTMLP/IHqmHU=,d/UqKLnyAT7hlSxM4G9BniORSAw=
0,29,fBtJto2Xp6i8nUkAakZBq6uoqaU=,I2agY3/FTLUUA6512i7kGqoRBD4=
15,25,WxUb67N7QKZCr0CRTMLP/IHqmHU=,d/UqKLnyAT7hlSxM4G9BniORSAw=
15,27,WxUb67N7QKZCr0CRTMLP/IHqmHU=,d/UqKLnyAT7hlSxM4G9BniORSAw=
15,29,WxUb67N7QKZCr0CRTMLP/IHqmHU=,gAzH1opcRxS7QwsupDVcIeheBhk=
15,28,WxUb67N7QKZCr0CRTMLP/IHqmHU=,gAzH1opcRxS7QwsupDVcIeheBhk=
15,30,WxUb67N7QKZCr0CRTMLP/IHqmHU=,gAzH1opcRxS7QwsupDVcIeheBhk=
15,31,WxUb67N7QKZCr0CRTMLP/IHqmHU=,gAzH1opcRxS7QwsupDVcIeheBhk=
2,28,fBtJto2Xp6i8nUkAakZBq6uoqaU=,I2agY3/FTLUUA6512i7kGqoRBD4=
3,26,fBtJto2Xp6i8nUkAakZBq6uoqaU=,7Ymy0A9ituupEifufmhCGwFfD8I=
12,24,WxUb67N7QKZCr0CRTMLP/IHqmHU=,d/UqKLnyAT7hlSxM4G9BniORSAw=
3,25,fBtJto2Xp6i8nUkAakZBq6uoqaU=,7Ymy0A9ituupEifufmhCGwFfD8I=
1,24,fBtJto2Xp6i8nUkAakZBq6uoqaU=,7Ymy0A9ituupEifufmhCGwFfD8I=
1,26,fBtJto2Xp6i8nUkAakZBq6uoqaU=,7Ymy0A9ituupEifufmhCGwFfD8I=
2,24,fBtJto2Xp6i8nUkAakZBq6uoqaU=,7Ymy0A9ituupEifufmhCGwFfD8I=
4,28,fBtJto2Xp6i8nUkAakZBq6uoqaU=,yIn5vvNra0Oo8r4RzZ7e1wJdsHk=
3,27,fBtJto2Xp6i8nUkAakZBq6uoqaU=,7Ymy0A9ituupEifufmhCGwFfD8I=
3,24,fBtJto2Xp6i8nUkAakZBq6uoqaU=,7Ymy0A9ituupEifufmhCGwFfD8I=
1,25,fBtJto2Xp6i8nUkAakZBq6uoqaU=,7Ymy0A9ituupEifufmhCGwFfD8I=
2,26,fBtJto2Xp6i8nUkAakZBq6uoqaU=,7Ymy0A9ituupEifufmhCGwFfD8I=
2,25,fBtJto2Xp6i8nUkAakZBq6uoqaU=,7Ymy0A9ituupEifufmhCGwFfD8I=
2,27,fBtJto2Xp6i8nUkAakZBq6uoqaU=,7Ymy0A9ituupEifufmhCGwFfD8I=
15,24,WxUb67N7QKZCr0CRTMLP/IHqmHU=,d/UqKLnyAT7hlSxM4G9BniORSAw=
3,28,fBtJto2Xp6i8nUkAakZBq6uoqaU=,I2agY3/FTLUUA6512i7kGqoRBD4=
6,31,fBtJto2Xp6i8nUkAakZBq6uoqaU=,yIn5vvNra0Oo8r4RzZ7e1wJdsHk=
6,30,fBtJto2Xp6i8nUkAakZBq6uoqaU=,yIn5vvNra0Oo8r4RzZ7e1wJdsHk=
0,26,fBtJto2Xp6i8nUkAakZBq6uoqaU=,7Ymy0A9ituupEifufmhCGwFfD8I=
0,24,fBtJto2Xp6i8nUkAakZBq6uoqaU=,7Ymy0A9ituupEifufmhCGwFfD8I=
1,27,fBtJto2Xp6i8nUkAakZBq6uoqaU=,7Ymy0A9ituupEifufmhCGwFfD8I=
4,30,fBtJto2Xp6i8nUkAakZBq6uoqaU=,yIn5vvNra0Oo8r4RzZ7e1wJdsHk=
3,29,fBtJto2Xp6i8nUkAakZBq6uoqaU=,I2agY3/FTLUUA6512i7kGqoRBD4=
0,28,fBtJto2Xp6i8nUkAakZBq6uoqaU=,I2agY3/FTLUUA6512i7kGqoRBD4=
5,30,fBtJto2Xp6i8nUkAakZBq6uoqaU=,yIn5vvNra0Oo8r4RzZ7e1wJdsHk=
0,27,fBtJto2Xp6i8nUkAakZBq6uoqaU=,7Ymy0A9ituupEifufmhCGwFfD8I=
1,28,fBtJto2Xp6i8nUkAakZBq6uoqaU=,I2agY3/FTLUUA6512i7kGqoRBD4=
0,25,fBtJto2Xp6i8nUkAakZBq6uoqaU=,7Ymy0A9ituupEifufmhCGwFfD8I=
5,31,fBtJto2Xp6i8nUkAakZBq6uoqaU=,yIn5vvNra0Oo8r4RzZ7e1wJdsHk=
26,26,WxUb67N7QKZCr0CRTMLP/IHqmHU=,yOMhM8PbXtXd+UCJbFdyvUjkaRg=
25,25,WxUb67N7QKZCr0CRTMLP/IHqmHU=,yOMhM8PbXtXd+UCJbFdyvUjkaRg=
25,26,WxUb67N7QKZCr0CRTMLP/IHqmHU=,yOMhM8PbXtXd+UCJbFdyvUjkaRg=
26,25,WxUb67N7QKZCr0CRTMLP/IHqmHU=,yOMhM8PbXtXd+UCJbFdyvUjkaRg=
21,22,WxUb67N7QKZCr0CRTMLP/IHqmHU=,sW0g6H/iNiusyT3jh3pGNwSTZXE=
17,21,WxUb67N7QKZCr0CRTMLP/IHqmHU=,fDrKr8wiic1/KzKWCQpXIspk8dU=
18,21,WxUb67N7QKZCr0CRTMLP/IHqmHU=,fDrKr8wiic1/KzKWCQpXIspk8dU=
17,20,WxUb67N7QKZCr0CRTMLP/IHqmHU=,fDrKr8wiic1/KzKWCQpXIspk8dU=
19,21,WxUb67N7QKZCr0CRTMLP/IHqmHU=,fDrKr8wiic1/KzKWCQpXIspk8dU=
20,21,WxUb67N7QKZCr0CRTMLP/IHqmHU=,sW0g6H/iNiusyT3jh3pGNwSTZXE=
26,27,WxUb67N7QKZCr0CRTMLP/IHqmHU=,yOMhM8PbXtXd+UCJbFdyvUjkaRg=
21,21,WxUb67N7QKZCr0CRTMLP/IHqmHU=,sW0g6H/iNiusyT3jh3pGNwSTZXE=
25,27,WxUb67N7QKZCr0CRTMLP/IHqmHU=,yOMhM8PbXtXd+UCJbFdyvUjkaRg=
18,20,WxUb67N7QKZCr0CRTMLP/IHqmHU=,fDrKr8wiic1/KzKWCQpXIspk8dU=
22,21,WxUb67N7QKZCr0CRTMLP/IHqmHU=,sW0g6H/iNiusyT3jh3pGNwSTZXE=
22,22,WxUb67N7QKZCr0CRTMLP/IHqmHU=,sW0g6H/iNiusyT3jh3pGNwSTZXE=
23,21,WxUb67N7QKZCr0CRTMLP/IHqmHU=,sW0g6H/iNiusyT3jh3pGNwSTZXE=
26,24,WxUb67N7QKZCr0CRTMLP/IHqmHU=,yOMhM8PbXtXd+UCJbFdyvUjkaRg=
25,24,WxUb67N7QKZCr0CRTMLP/IHqmHU=,yOMhM8PbXtXd+UCJbFdyvUjkaRg=
23,22,WxUb67N7QKZCr0CRTMLP/IHqmHU=,sW0g6H/iNiusyT3jh3pGNwSTZXE=
20,20,WxUb67N7QKZCr0CRTMLP/IHqmHU=,sW0g6H/iNiusyT3jh3pGNwSTZXE=
21,20,WxUb67N7QKZCr0CRTMLP/IHqmHU=,sW0g6H/iNiusyT3jh3pGNwSTZXE=
22,20,WxUb67N7QKZCr0CRTMLP/IHqmHU=,sW0g6H/iNiusyT3jh3pGNwSTZXE=
19,20,WxUb67N7QKZCr0CRTMLP/IHqmHU=,fDrKr8wiic1/KzKWCQpXIspk8dU=
23,20,WxUb67N7QKZCr0CRTMLP/IHqmHU=,sW0g6H/iNiusyT3jh3pGNwSTZXE=
27,26,WxUb67N7QKZCr0CRTMLP/IHqmHU=,yOMhM8PbXtXd+UCJbFdyvUjkaRg=
27,25,WxUb67N7QKZCr0CRTMLP/IHqmHU=,yOMhM8PbXtXd+UCJbFdyvUjkaRg=
27,27,WxUb67N7QKZCr0CRTMLP/IHqmHU=,yOMhM8PbXtXd+UCJbFdyvUjkaRg=
16,21,WxUb67N7QKZCr0CRTMLP/IHqmHU=,fDrKr8wiic1/KzKWCQpXIspk8dU=
16,22,WxUb67N7QKZCr0CRTMLP/IHqmHU=,fDrKr8wiic1/KzKWCQpXIspk8dU=
16,20,WxUb67N7QKZCr0CRTMLP/IHqmHU=,fDrKr8wiic1/KzKWCQpXIspk8dU=
16,23,WxUb67N7QKZCr0CRTMLP/IHqmHU=,fDrKr8wiic1/KzKWCQpXIspk8dU=
21,30,WxUb67N7QKZCr0CRTMLP/IHqmHU=,EvSlLSKkNFkYAtRU+S+SwQ8EtlY=
23,31,WxUb67N7QKZCr0CRTMLP/IHqmHU=,EvSlLSKkNFkYAtRU+S+SwQ8EtlY=
27,24,WxUb67N7QKZCr0CRTMLP/IHqmHU=,yOMhM8PbXtXd+UCJbFdyvUjkaRg=
22,30,WxUb67N7QKZCr0CRTMLP/IHqmHU=,EvSlLSKkNFkYAtRU+S+SwQ8EtlY=
23,30,WxUb67N7QKZCr0CRTMLP/IHqmHU=,EvSlLSKkNFkYAtRU+S+SwQ8EtlY=
20,31,WxUb67N7QKZCr0CRTMLP/IHqmHU=,EvSlLSKkNFkYAtRU+S+SwQ8EtlY=
20,29,WxUb67N7QKZCr0CRTMLP/IHqmHU=,EvSlLSKkNFkYAtRU+S+SwQ8EtlY=
21,31,WxUb67N7QKZCr0CRTMLP/IHqmHU=,EvSlLSKkNFkYAtRU+S+SwQ8EtlY=
21,29,WxUb67N7QKZCr0CRTMLP/IHqmHU=,EvSlLSKkNFkYAtRU+S+SwQ8EtlY=
22,31,WxUb67N7QKZCr0CRTMLP/IHqmHU=,EvSlLSKkNFkYAtRU+S+SwQ8EtlY=
20,30,WxUb67N7QKZCr0CRTMLP/IHqmHU=,EvSlLSKkNFkYAtRU+S+SwQ8EtlY=
20,24,WxUb67N7QKZCr0CRTMLP/IHqmHU=,615Uix+xL81GXvZLnqqB/U6n0ig=
24,24,WxUb67N7QKZCr0CRTMLP/IHqmHU=,yOMhM8PbXtXd+UCJbFdyvUjkaRg=
19,23,WxUb67N7QKZCr0CRTMLP/IHqmHU=,fDrKr8wiic1/KzKWCQpXIspk8dU=
22,24,WxUb67N7QKZCr0CRTMLP/IHqmHU=,615Uix+xL81GXvZLnqqB/U6n0ig=
22,23,WxUb67N7QKZCr0CRTMLP/IHqmHU=,sW0g6H/iNiusyT3jh3pGNwSTZXE=
23,23,WxUb67N7QKZCr0CRTMLP/IHqmHU=,sW0g6H/iNiusyT3jh3pGNwSTZXE=
24,25,WxUb67N7QKZCr0CRTMLP/IHqmHU=,yOMhM8PbXtXd+UCJbFdyvUjkaRg=
23,25,WxUb67N7QKZCr0CRTMLP/IHqmHU=,615Uix+xL81GXvZLnqqB/U6n0ig=
20,28,WxUb67N7QKZCr0CRTMLP/IHqmHU=,EvSlLSKkNFkYAtRU+S+SwQ8EtlY=
21,28,WxUb67N7QKZCr0CRTMLP/IHqmHU=,EvSlLSKkNFkYAtRU+S+SwQ8EtlY=
20,27,WxUb67N7QKZCr0CRTMLP/IHqmHU=,615Uix+xL81GXvZLnqqB/U6n0ig=
20,26,WxUb67N7QKZCr0CRTMLP/IHqmHU=,615Uix+xL81GXvZLnqqB/U6n0ig=
21,27,WxUb67N7QKZCr0CRTMLP/IHqmHU=,615Uix+xL81GXvZLnqqB/U6n0ig=
20,25,WxUb67N7QKZCr0CRTMLP/IHqmHU=,615Uix+xL81GXvZLnqqB/U6n0ig=
24,26,WxUb67N7QKZCr0CRTMLP/IHqmHU=,yOMhM8PbXtXd+UCJbFdyvUjkaRg=
23,28,WxUb67N7QKZCr0CRTMLP/IHqmHU=,EvSlLSKkNFkYAtRU+S+SwQ8EtlY=
23,24,WxUb67N7QKZCr0CRTMLP/IHqmHU=,615Uix+xL81GXvZLnqqB/U6n0ig=
17,23,WxUb67N7QKZCr0CRTMLP/IHqmHU=,fDrKr8wiic1/KzKWCQpXIspk8dU=
17,22,WxUb67N7QKZCr0CRTMLP/IHqmHU=,fDrKr8wiic1/KzKWCQpXIspk8dU=
23,29,WxUb67N7QKZCr0CRTMLP/IHqmHU=,EvSlLSKkNFkYAtRU+S+SwQ8EtlY=
24,27,WxUb67N7QKZCr0CRTMLP/IHqmHU=,yOMhM8PbXtXd+UCJbFdyvUjkaRg=
23,26,WxUb67N7QKZCr0CRTMLP/IHqmHU=,615Uix+xL81GXvZLnqqB/U6n0ig=
18,23,WxUb67N7QKZCr0CRTMLP/IHqmHU=,fDrKr8wiic1/KzKWCQpXIspk8dU=
21,26,WxUb67N7QKZCr0CRTMLP/IHqmHU=,615Uix+xL81GXvZLnqqB/U6n0ig=
22,25,WxUb67N7QKZCr0CRTMLP/IHqmHU=,615Uix+xL81GXvZLnqqB/U6n0ig=
20,23,WxUb67N7QKZCr0CRTMLP/IHqmHU=,sW0g6H/iNiusyT3jh3pGNwSTZXE=
22,29,WxUb67N7QKZCr0CRTMLP/IHqmHU=,EvSlLSKkNFkYAtRU+S+SwQ8EtlY=
18,22,WxUb67N7QKZCr0CRTMLP/IHqmHU=,fDrKr8wiic1/KzKWCQpXIspk8dU=
22,26,WxUb67N7QKZCr0CRTMLP/IHqmHU=,615Uix+xL81GXvZLnqqB/U6n0ig=
22,28,WxUb67N7QKZCr0CRTMLP/IHqmHU=,EvSlLSKkNFkYAtRU+S+SwQ8EtlY=
19,22,WxUb67N7QKZCr0CRTMLP/IHqmHU=,fDrKr8wiic1/KzKWCQpXIspk8dU=
22,27,WxUb67N7QKZCr0CRTMLP/IHqmHU=,615Uix+xL81GXvZLnqqB/U6n0ig=
20,22,WxUb67N7QKZCr0CRTMLP/IHqmHU=,sW0g6H/iNiusyT3jh3pGNwSTZXE=
23,27,WxUb67N7QKZCr0CRTMLP/IHqmHU=,615Uix+xL81GXvZLnqqB/U6n0ig=
21,24,WxUb67N7QKZCr0CRTMLP/IHqmHU=,615Uix+xL81GXvZLnqqB/U6n0ig=
21,23,WxUb67N7QKZCr0CRTMLP/IHqmHU=,sW0g6H/iNiusyT3jh3pGNwSTZXE=
21,25,88JTz5ZWqsErcxJMm8LQvhntZ9M=,615Uix+xL81GXvZLnqqB/U6n0ig=
6,2,v31RHfjAgXx7ZEmmDG98gWQjXGI=,pyRCWgq98WjNvSbUfzjNgWbm6Z8=
5,2,v31RHfjAgXx7ZEmmDG98gWQjXGI=,pyRCWgq98WjNvSbUfzjNgWbm6Z8=
6,1,v31RHfjAgXx7ZEmmDG98gWQjXGI=,pyRCWgq98WjNvSbUfzjNgWbm6Z8=
6,0,v31RHfjAgXx7ZEmmDG98gWQjXGI=,pyRCWgq98WjNvSbUfzjNgWbm6Z8=
5,1,v31RHfjAgXx7ZEmmDG98gWQjXGI=,pyRCWgq98WjNvSbUfzjNgWbm6Z8=
5,0,v31RHfjAgXx7ZEmmDG98gWQjXGI=,pyRCWgq98WjNvSbUfzjNgWbm6Z8=
6,3,v31RHfjAgXx7ZEmmDG98gWQjXGI=,pyRCWgq98WjNvSbUfzjNgWbm6Z8=
5,3,v31RHfjAgXx7ZEmmDG98gWQjXGI=,pyRCWgq98WjNvSbUfzjNgWbm6Z8=
4,0,v31RHfjAgXx7ZEmmDG98gWQjXGI=,pyRCWgq98WjNvSbUfzjNgWbm6Z8=
4,3,v31RHfjAgXx7ZEmmDG98gWQjXGI=,pyRCWgq98WjNvSbUfzjNgWbm6Z8=
4,2,v31RHfjAgXx7ZEmmDG98gWQjXGI=,pyRCWgq98WjNvSbUfzjNgWbm6Z8=
4,1,v31RHfjAgXx7ZEmmDG98gWQjXGI=,pyRCWgq98WjNvSbUfzjNgWbm6Z8=
7,3,v31RHfjAgXx7ZEmmDG98gWQjXGI=,pyRCWgq98WjNvSbUfzjNgWbm6Z8=
7,0,v31RHfjAgXx7ZEmmDG98gWQjXGI=,pyRCWgq98WjNvSbUfzjNgWbm6Z8=
7,2,v31RHfjAgXx7ZEmmDG98gWQjXGI=,pyRCWgq98WjNvSbUfzjNgWbm6Z8=
7,1,v31RHfjAgXx7ZEmmDG98gWQjXGI=,pyRCWgq98WjNvSbUfzjNgWbm6Z8=
