-1,0,KsCkcipP3hawshI3cvhA4Hhe9oU=,dEVxcYBWk9HmR/CIjgkLKIK2vhk=
-1,1,6V4S1ylnqPyVAXE/c6kxUdY67IU=,r0KTUv9CRpcWR+ywJNKiT8Gj5BU=
-2,0,6V4S1ylnqPyVAXE/c6kxUdY67IU=,HeNmhIZtM/X8CwgLY2F5EEntvsQ=
-1,2,6V4S1ylnqPyVAXE/c6kxUdY67IU=,pJQkJzewQA+0/dtKZGNrh1XuPpk=
-1,3,6V4S1ylnqPyVAXE/c6kxUdY67IU=,pJQkJzewQA+0/dtKZGNrh1XuPpk=
-1,4,6V4S1ylnqPyVAXE/c6kxUdY67IU=,69NNeQY1j4eQbitLPw58+WnkCyg=
-2,1,6V4S1ylnqPyVAXE/c6kxUdY67IU=,eBMMeuw5uILqhXtmE6K08tO8lEY=
-4,0,KsCkcipP3hawshI3cvhA4Hhe9oU=,dEVxcYBWk9HmR/CIjgkLKIK2vhk=
-4,1,KsCkcipP3hawshI3cvhA4Hhe9oU=,KC1/eTbHWrfmJokFWeWGFzXna/8=
-3,0,KsCkcipP3hawshI3cvhA4Hhe9oU=,T4+bmHgOVazLt6N4K2m5VlEr6TU=
