-219,16,3Vdxgb5fDmjpI1AwRUW2qtRPX+w=,qLvjaatAT6lGQgtc2A1lfR58444=
-217,19,3Vdxgb5fDmjpI1AwRUW2qtRPX+w=,qLvjaatAT6lGQgtc2A1lfR58444=
-216,19,3Vdxgb5fDmjpI1AwRUW2qtRPX+w=,qLvjaatAT6lGQgtc2A1lfR58444=
-215,19,3Vdxgb5fDmjpI1AwRUW2qtRPX+w=,qLvjaatAT6lGQgtc2A1lfR58444=
-214,19,3Vdxgb5fDmjpI1AwRUW2qtRPX+w=,qLvjaatAT6lGQgtc2A1lfR58444=
-213,19,3Vdxgb5fDmjpI1AwRUW2qtRPX+w=,qLvjaatAT6lGQgtc2A1lfR58444=
-218,19,3Vdxgb5fDmjpI1AwRUW2qtRPX+w=,qLvjaatAT6lGQgtc2A1lfR58444=
-212,19,3Vdxgb5fDmjpI1AwRUW2qtRPX+w=,qLvjaatAT6lGQgtc2A1lfR58444=
-211,19,3Vdxgb5fDmjpI1AwRUW2qtRPX+w=,qLvjaatAT6lGQgtc2A1lfR58444=
-218,18,3Vdxgb5fDmjpI1AwRUW2qtRPX+w=,qLvjaatAT6lGQgtc2A1lfR58444=
-224,16,3Vdxgb5fDmjpI1AwRUW2qtRPX+w=,qLvjaatAT6lGQgtc2A1lfR58444=
-210,19,3Vdxgb5fDmjpI1AwRUW2qtRPX+w=,qLvjaatAT6lGQgtc2A1lfR58444=
-219,18,3Vdxgb5fDmjpI1AwRUW2qtRPX+w=,qLvjaatAT6lGQgtc2A1lfR58444=
-209,19,3Vdxgb5fDmjpI1AwRUW2qtRPX+w=,qLvjaatAT6lGQgtc2A1lfR58444=
-219,19,3Vdxgb5fDmjpI1AwRUW2qtRPX+w=,qLvjaatAT6lGQgtc2A1lfR58444=
-218,17,3Vdxgb5fDmjpI1AwRUW2qtRPX+w=,qLvjaatAT6lGQgtc2A1lfR58444=
-224,20,3Vdxgb5fDmjpI1AwRUW2qtRPX+w=,qLvjaatAT6lGQgtc2A1lfR58444=
-221,16,3Vdxgb5fDmjpI1AwRUW2qtRPX+w=,qLvjaatAT6lGQgtc2A1lfR58444=
-217,18,3Vdxgb5fDmjpI1AwRUW2qtRPX+w=,qLvjaatAT6lGQgtc2A1lfR58444=
-218,16,3Vdxgb5fDmjpI1AwRUW2qtRPX+w=,qLvjaatAT6lGQgtc2A1lfR58444=
-222,20,3Vdxgb5fDmjpI1AwRUW2qtRPX+w=,qLvjaatAT6lGQgtc2A1lfR58444=
-223,20,3Vdxgb5fDmjpI1AwRUW2qtRPX+w=,qLvjaatAT6lGQgtc2A1lfR58444=
-220,19,3Vdxgb5fDmjpI1AwRUW2qtRPX+w=,qLvjaatAT6lGQgtc2A1lfR58444=
-221,19,3Vdxgb5fDmjpI1AwRUW2qtRPX+w=,qLvjaatAT6lGQgtc2A1lfR58444=
-221,20,3Vdxgb5fDmjpI1AwRUW2qtRPX+w=,qLvjaatAT6lGQgtc2A1lfR58444=
-220,20,3Vdxgb5fDmjpI1AwRUW2qtRPX+w=,qLvjaatAT6lGQgtc2A1lfR58444=
-219,20,3Vdxgb5fDmjpI1AwRUW2qtRPX+w=,qLvjaatAT6lGQgtc2A1lfR58444=
-219,17,3Vdxgb5fDmjpI1AwRUW2qtRPX+w=,qLvjaatAT6lGQgtc2A1lfR58444=
-217,20,3Vdxgb5fDmjpI1AwRUW2qtRPX+w=,qLvjaatAT6lGQgtc2A1lfR58444=
-218,20,3Vdxgb5fDmjpI1AwRUW2qtRPX+w=,qLvjaatAT6lGQgtc2A1lfR58444=
-220,17,3Vdxgb5fDmjpI1AwRUW2qtRPX+w=,qLvjaatAT6lGQgtc2A1lfR58444=
-223,16,3Vdxgb5fDmjpI1AwRUW2qtRPX+w=,qLvjaatAT6lGQgtc2A1lfR58444=
-215,20,3Vdxgb5fDmjpI1AwRUW2qtRPX+w=,qLvjaatAT6lGQgtc2A1lfR58444=
-216,20,3Vdxgb5fDmjpI1AwRUW2qtRPX+w=,qLvjaatAT6lGQgtc2A1lfR58444=
-222,19,3Vdxgb5fDmjpI1AwRUW2qtRPX+w=,qLvjaatAT6lGQgtc2A1lfR58444=
-214,20,3Vdxgb5fDmjpI1AwRUW2qtRPX+w=,qLvjaatAT6lGQgtc2A1lfR58444=
-212,20,3Vdxgb5fDmjpI1AwRUW2qtRPX+w=,qLvjaatAT6lGQgtc2A1lfR58444=
-210,31,3Vdxgb5fDmjpI1AwRUW2qtRPX+w=,qLvjaatAT6lGQgtc2A1lfR58444=
-209,31,3Vdxgb5fDmjpI1AwRUW2qtRPX+w=,qLvjaatAT6lGQgtc2A1lfR58444=
-211,31,3Vdxgb5fDmjpI1AwRUW2qtRPX+w=,qLvjaatAT6lGQgtc2A1lfR58444=
-213,20,3Vdxgb5fDmjpI1AwRUW2qtRPX+w=,qLvjaatAT6lGQgtc2A1lfR58444=
-220,18,3Vdxgb5fDmjpI1AwRUW2qtRPX+w=,qLvjaatAT6lGQgtc2A1lfR58444=
-210,20,3Vdxgb5fDmjpI1AwRUW2qtRPX+w=,qLvjaatAT6lGQgtc2A1lfR58444=
-211,20,3Vdxgb5fDmjpI1AwRUW2qtRPX+w=,qLvjaatAT6lGQgtc2A1lfR58444=
-214,31,3Vdxgb5fDmjpI1AwRUW2qtRPX+w=,qLvjaatAT6lGQgtc2A1lfR58444=
-213,31,3Vdxgb5fDmjpI1AwRUW2qtRPX+w=,qLvjaatAT6lGQgtc2A1lfR58444=
-209,20,3Vdxgb5fDmjpI1AwRUW2qtRPX+w=,qLvjaatAT6lGQgtc2A1lfR58444=
-212,31,3Vdxgb5fDmjpI1AwRUW2qtRPX+w=,qLvjaatAT6lGQgtc2A1lfR58444=
-215,31,3Vdxgb5fDmjpI1AwRUW2qtRPX+w=,qLvjaatAT6lGQgtc2A1lfR58444=
-217,17,3Vdxgb5fDmjpI1AwRUW2qtRPX+w=,qLvjaatAT6lGQgtc2A1lfR58444=
-216,31,3Vdxgb5fDmjpI1AwRUW2qtRPX+w=,qLvjaatAT6lGQgtc2A1lfR58444=
-217,16,3Vdxgb5fDmjpI1AwRUW2qtRPX+w=,qLvjaatAT6lGQgtc2A1lfR58444=
-218,31,3Vdxgb5fDmjpI1AwRUW2qtRPX+w=,qLvjaatAT6lGQgtc2A1lfR58444=
-217,31,3Vdxgb5fDmjpI1AwRUW2qtRPX+w=,qLvjaatAT6lGQgtc2A1lfR58444=
-224,21,3Vdxgb5fDmjpI1AwRUW2qtRPX+w=,qLvjaatAT6lGQgtc2A1lfR58444=
-219,31,3Vdxgb5fDmjpI1AwRUW2qtRPX+w=,qLvjaatAT6lGQgtc2A1lfR58444=
-216,18,3Vdxgb5fDmjpI1AwRUW2qtRPX+w=,qLvjaatAT6lGQgtc2A1lfR58444=
-221,31,3Vdxgb5fDmjpI1AwRUW2qtRPX+w=,qLvjaatAT6lGQgtc2A1lfR58444=
-223,21,3Vdxgb5fDmjpI1AwRUW2qtRPX+w=,qLvjaatAT6lGQgtc2A1lfR58444=
-223,31,3Vdxgb5fDmjpI1AwRUW2qtRPX+w=,qLvjaatAT6lGQgtc2A1lfR58444=
-220,31,3Vdxgb5fDmjpI1AwRUW2qtRPX+w=,qLvjaatAT6lGQgtc2A1lfR58444=
-222,21,3Vdxgb5fDmjpI1AwRUW2qtRPX+w=,qLvjaatAT6lGQgtc2A1lfR58444=
-223,19,3Vdxgb5fDmjpI1AwRUW2qtRPX+w=,qLvjaatAT6lGQgtc2A1lfR58444=
-224,31,3Vdxgb5fDmjpI1AwRUW2qtRPX+w=,qLvjaatAT6lGQgtc2A1lfR58444=
-222,31,3Vdxgb5fDmjpI1AwRUW2qtRPX+w=,qLvjaatAT6lGQgtc2A1lfR58444=
-220,16,3Vdxgb5fDmjpI1AwRUW2qtRPX+w=,qLvjaatAT6lGQgtc2A1lfR58444=
-221,21,3Vdxgb5fDmjpI1AwRUW2qtRPX+w=,qLvjaatAT6lGQgtc2A1lfR58444=
-220,21,3Vdxgb5fDmjpI1AwRUW2qtRPX+w=,qLvjaatAT6lGQgtc2A1lfR58444=
-209,30,3Vdxgb5fDmjpI1AwRUW2qtRPX+w=,qLvjaatAT6lGQgtc2A1lfR58444=
-219,21,3Vdxgb5fDmjpI1AwRUW2qtRPX+w=,qLvjaatAT6lGQgtc2A1lfR58444=
-221,18,3Vdxgb5fDmjpI1AwRUW2qtRPX+w=,qLvjaatAT6lGQgtc2A1lfR58444=
-218,21,3Vdxgb5fDmjpI1AwRUW2qtRPX+w=,qLvjaatAT6lGQgtc2A1lfR58444=
-212,30,3Vdxgb5fDmjpI1AwRUW2qtRPX+w=,qLvjaatAT6lGQgtc2A1lfR58444=
-213,30,3Vdxgb5fDmjpI1AwRUW2qtRPX+w=,qLvjaatAT6lGQgtc2A1lfR58444=
-214,30,3Vdxgb5fDmjpI1AwRUW2qtRPX+w=,qLvjaatAT6lGQgtc2A1lfR58444=
-210,30,3Vdxgb5fDmjpI1AwRUW2qtRPX+w=,qLvjaatAT6lGQgtc2A1lfR58444=
-217,21,3Vdxgb5fDmjpI1AwRUW2qtRPX+w=,qLvjaatAT6lGQgtc2A1lfR58444=
-216,30,3Vdxgb5fDmjpI1AwRUW2qtRPX+w=,qLvjaatAT6lGQgtc2A1lfR58444=
-215,30,3Vdxgb5fDmjpI1AwRUW2qtRPX+w=,qLvjaatAT6lGQgtc2A1lfR58444=
-216,21,3Vdxgb5fDmjpI1AwRUW2qtRPX+w=,qLvjaatAT6lGQgtc2A1lfR58444=
-218,30,3Vdxgb5fDmjpI1AwRUW2qtRPX+w=,qLvjaatAT6lGQgtc2A1lfR58444=
-220,30,3Vdxgb5fDmjpI1AwRUW2qtRPX+w=,qLvjaatAT6lGQgtc2A1lfR58444=
-219,30,3Vdxgb5fDmjpI1AwRUW2qtRPX+w=,qLvjaatAT6lGQgtc2A1lfR58444=
-217,30,3Vdxgb5fDmjpI1AwRUW2qtRPX+w=,qLvjaatAT6lGQgtc2A1lfR58444=
-215,21,3Vdxgb5fDmjpI1AwRUW2qtRPX+w=,qLvjaatAT6lGQgtc2A1lfR58444=
-222,30,3Vdxgb5fDmjpI1AwRUW2qtRPX+w=,qLvjaatAT6lGQgtc2A1lfR58444=
-214,21,3Vdxgb5fDmjpI1AwRUW2qtRPX+w=,qLvjaatAT6lGQgtc2A1lfR58444=
-221,17,3Vdxgb5fDmjpI1AwRUW2qtRPX+w=,qLvjaatAT6lGQgtc2A1lfR58444=
-223,30,3Vdxgb5fDmjpI1AwRUW2qtRPX+w=,qLvjaatAT6lGQgtc2A1lfR58444=
-222,18,3Vdxgb5fDmjpI1AwRUW2qtRPX+w=,qLvjaatAT6lGQgtc2A1lfR58444=
-221,30,3Vdxgb5fDmjpI1AwRUW2qtRPX+w=,qLvjaatAT6lGQgtc2A1lfR58444=
-213,21,3Vdxgb5fDmjpI1AwRUW2qtRPX+w=,qLvjaatAT6lGQgtc2A1lfR58444=
-224,30,3Vdxgb5fDmjpI1AwRUW2qtRPX+w=,qLvjaatAT6lGQgtc2A1lfR58444=
-211,29,3Vdxgb5fDmjpI1AwRUW2qtRPX+w=,qLvjaatAT6lGQgtc2A1lfR58444=
-212,29,3Vdxgb5fDmjpI1AwRUW2qtRPX+w=,qLvjaatAT6lGQgtc2A1lfR58444=
-209,29,3Vdxgb5fDmjpI1AwRUW2qtRPX+w=,qLvjaatAT6lGQgtc2A1lfR58444=
-211,30,3Vdxgb5fDmjpI1AwRUW2qtRPX+w=,qLvjaatAT6lGQgtc2A1lfR58444=
-210,29,3Vdxgb5fDmjpI1AwRUW2qtRPX+w=,qLvjaatAT6lGQgtc2A1lfR58444=
-212,21,3Vdxgb5fDmjpI1AwRUW2qtRPX+w=,qLvjaatAT6lGQgtc2A1lfR58444=
-214,29,3Vdxgb5fDmjpI1AwRUW2qtRPX+w=,qLvjaatAT6lGQgtc2A1lfR58444=
-216,29,3Vdxgb5fDmjpI1AwRUW2qtRPX+w=,qLvjaatAT6lGQgtc2A1lfR58444=
-217,29,3Vdxgb5fDmjpI1AwRUW2qtRPX+w=,qLvjaatAT6lGQgtc2A1lfR58444=
-215,29,3Vdxgb5fDmjpI1AwRUW2qtRPX+w=,qLvjaatAT6lGQgtc2A1lfR58444=
-211,21,3Vdxgb5fDmjpI1AwRUW2qtRPX+w=,qLvjaatAT6lGQgtc2A1lfR58444=
-218,29,3Vdxgb5fDmjpI1AwRUW2qtRPX+w=,qLvjaatAT6lGQgtc2A1lfR58444=
-213,29,3Vdxgb5fDmjpI1AwRUW2qtRPX+w=,qLvjaatAT6lGQgtc2A1lfR58444=
-219,29,3Vdxgb5fDmjpI1AwRUW2qtRPX+w=,qLvjaatAT6lGQgtc2A1lfR58444=
-222,17,3Vdxgb5fDmjpI1AwRUW2qtRPX+w=,qLvjaatAT6lGQgtc2A1lfR58444=
-210,21,3Vdxgb5fDmjpI1AwRUW2qtRPX+w=,qLvjaatAT6lGQgtc2A1lfR58444=
-223,18,3Vdxgb5fDmjpI1AwRUW2qtRPX+w=,qLvjaatAT6lGQgtc2A1lfR58444=
-209,21,3Vdxgb5fDmjpI1AwRUW2qtRPX+w=,qLvjaatAT6lGQgtc2A1lfR58444=
-216,17,3Vdxgb5fDmjpI1AwRUW2qtRPX+w=,qLvjaatAT6lGQgtc2A1lfR58444=
-209,28,3Vdxgb5fDmjpI1AwRUW2qtRPX+w=,qLvjaatAT6lGQgtc2A1lfR58444=
-210,28,3Vdxgb5fDmjpI1AwRUW2qtRPX+w=,qLvjaatAT6lGQgtc2A1lfR58444=
-216,16,3Vdxgb5fDmjpI1AwRUW2qtRPX+w=,qLvjaatAT6lGQgtc2A1lfR58444=
-224,22,3Vdxgb5fDmjpI1AwRUW2qtRPX+w=,qLvjaatAT6lGQgtc2A1lfR58444=
-212,28,3Vdxgb5fDmjpI1AwRUW2qtRPX+w=,qLvjaatAT6lGQgtc2A1lfR58444=
-214,28,3Vdxgb5fDmjpI1AwRUW2qtRPX+w=,qLvjaatAT6lGQgtc2A1lfR58444=
-223,22,3Vdxgb5fDmjpI1AwRUW2qtRPX+w=,qLvjaatAT6lGQgtc2A1lfR58444=
-216,28,3Vdxgb5fDmjpI1AwRUW2qtRPX+w=,qLvjaatAT6lGQgtc2A1lfR58444=
-215,18,3Vdxgb5fDmjpI1AwRUW2qtRPX+w=,qLvjaatAT6lGQgtc2A1lfR58444=
-211,28,3Vdxgb5fDmjpI1AwRUW2qtRPX+w=,qLvjaatAT6lGQgtc2A1lfR58444=
-215,28,3Vdxgb5fDmjpI1AwRUW2qtRPX+w=,qLvjaatAT6lGQgtc2A1lfR58444=
-213,28,3Vdxgb5fDmjpI1AwRUW2qtRPX+w=,qLvjaatAT6lGQgtc2A1lfR58444=
-222,22,3Vdxgb5fDmjpI1AwRUW2qtRPX+w=,qLvjaatAT6lGQgtc2A1lfR58444=
-217,28,3Vdxgb5fDmjpI1AwRUW2qtRPX+w=,qLvjaatAT6lGQgtc2A1lfR58444=
-221,22,3Vdxgb5fDmjpI1AwRUW2qtRPX+w=,qLvjaatAT6lGQgtc2A1lfR58444=
-218,28,3Vdxgb5fDmjpI1AwRUW2qtRPX+w=,qLvjaatAT6lGQgtc2A1lfR58444=
-219,28,3Vdxgb5fDmjpI1AwRUW2qtRPX+w=,qLvjaatAT6lGQgtc2A1lfR58444=
-220,22,3Vdxgb5fDmjpI1AwRUW2qtRPX+w=,qLvjaatAT6lGQgtc2A1lfR58444=
-223,28,3Vdxgb5fDmjpI1AwRUW2qtRPX+w=,qLvjaatAT6lGQgtc2A1lfR58444=
-219,22,3Vdxgb5fDmjpI1AwRUW2qtRPX+w=,qLvjaatAT6lGQgtc2A1lfR58444=
-218,22,3Vdxgb5fDmjpI1AwRUW2qtRPX+w=,qLvjaatAT6lGQgtc2A1lfR58444=
-223,17,3Vdxgb5fDmjpI1AwRUW2qtRPX+w=,qLvjaatAT6lGQgtc2A1lfR58444=
-224,28,3Vdxgb5fDmjpI1AwRUW2qtRPX+w=,qLvjaatAT6lGQgtc2A1lfR58444=
-217,22,3Vdxgb5fDmjpI1AwRUW2qtRPX+w=,qLvjaatAT6lGQgtc2A1lfR58444=
-216,22,3Vdxgb5fDmjpI1AwRUW2qtRPX+w=,qLvjaatAT6lGQgtc2A1lfR58444=
-215,22,3Vdxgb5fDmjpI1AwRUW2qtRPX+w=,qLvjaatAT6lGQgtc2A1lfR58444=
-224,17,3Vdxgb5fDmjpI1AwRUW2qtRPX+w=,qLvjaatAT6lGQgtc2A1lfR58444=
-224,19,3Vdxgb5fDmjpI1AwRUW2qtRPX+w=,qLvjaatAT6lGQgtc2A1lfR58444=
-214,22,3Vdxgb5fDmjpI1AwRUW2qtRPX+w=,qLvjaatAT6lGQgtc2A1lfR58444=
-213,22,3Vdxgb5fDmjpI1AwRUW2qtRPX+w=,qLvjaatAT6lGQgtc2A1lfR58444=
-209,18,3Vdxgb5fDmjpI1AwRUW2qtRPX+w=,qLvjaatAT6lGQgtc2A1lfR58444=
-222,16,3Vdxgb5fDmjpI1AwRUW2qtRPX+w=,qLvjaatAT6lGQgtc2A1lfR58444=
-212,22,3Vdxgb5fDmjpI1AwRUW2qtRPX+w=,qLvjaatAT6lGQgtc2A1lfR58444=
-210,16,3Vdxgb5fDmjpI1AwRUW2qtRPX+w=,qLvjaatAT6lGQgtc2A1lfR58444=
-209,16,3Vdxgb5fDmjpI1AwRUW2qtRPX+w=,qLvjaatAT6lGQgtc2A1lfR58444=
-211,22,3Vdxgb5fDmjpI1AwRUW2qtRPX+w=,qLvjaatAT6lGQgtc2A1lfR58444=
-209,27,3Vdxgb5fDmjpI1AwRUW2qtRPX+w=,qLvjaatAT6lGQgtc2A1lfR58444=
-209,17,3Vdxgb5fDmjpI1AwRUW2qtRPX+w=,qLvjaatAT6lGQgtc2A1lfR58444=
-224,18,3Vdxgb5fDmjpI1AwRUW2qtRPX+w=,qLvjaatAT6lGQgtc2A1lfR58444=
-210,17,3Vdxgb5fDmjpI1AwRUW2qtRPX+w=,qLvjaatAT6lGQgtc2A1lfR58444=
-211,27,3Vdxgb5fDmjpI1AwRUW2qtRPX+w=,qLvjaatAT6lGQgtc2A1lfR58444=
-212,27,3Vdxgb5fDmjpI1AwRUW2qtRPX+w=,qLvjaatAT6lGQgtc2A1lfR58444=
-215,27,3Vdxgb5fDmjpI1AwRUW2qtRPX+w=,qLvjaatAT6lGQgtc2A1lfR58444=
-213,27,3Vdxgb5fDmjpI1AwRUW2qtRPX+w=,qLvjaatAT6lGQgtc2A1lfR58444=
-210,27,3Vdxgb5fDmjpI1AwRUW2qtRPX+w=,qLvjaatAT6lGQgtc2A1lfR58444=
-214,27,3Vdxgb5fDmjpI1AwRUW2qtRPX+w=,qLvjaatAT6lGQgtc2A1lfR58444=
-216,27,3Vdxgb5fDmjpI1AwRUW2qtRPX+w=,qLvjaatAT6lGQgtc2A1lfR58444=
-218,27,3Vdxgb5fDmjpI1AwRUW2qtRPX+w=,qLvjaatAT6lGQgtc2A1lfR58444=
-217,27,3Vdxgb5fDmjpI1AwRUW2qtRPX+w=,qLvjaatAT6lGQgtc2A1lfR58444=
-221,27,3Vdxgb5fDmjpI1AwRUW2qtRPX+w=,qLvjaatAT6lGQgtc2A1lfR58444=
-223,27,3Vdxgb5fDmjpI1AwRUW2qtRPX+w=,qLvjaatAT6lGQgtc2A1lfR58444=
-224,27,3Vdxgb5fDmjpI1AwRUW2qtRPX+w=,qLvjaatAT6lGQgtc2A1lfR58444=
-222,27,3Vdxgb5fDmjpI1AwRUW2qtRPX+w=,qLvjaatAT6lGQgtc2A1lfR58444=
-210,18,3Vdxgb5fDmjpI1AwRUW2qtRPX+w=,qLvjaatAT6lGQgtc2A1lfR58444=
-211,17,3Vdxgb5fDmjpI1AwRUW2qtRPX+w=,qLvjaatAT6lGQgtc2A1lfR58444=
-211,16,3Vdxgb5fDmjpI1AwRUW2qtRPX+w=,qLvjaatAT6lGQgtc2A1lfR58444=
-210,26,3Vdxgb5fDmjpI1AwRUW2qtRPX+w=,qLvjaatAT6lGQgtc2A1lfR58444=
-211,26,3Vdxgb5fDmjpI1AwRUW2qtRPX+w=,qLvjaatAT6lGQgtc2A1lfR58444=
-209,26,3Vdxgb5fDmjpI1AwRUW2qtRPX+w=,qLvjaatAT6lGQgtc2A1lfR58444=
-214,26,3Vdxgb5fDmjpI1AwRUW2qtRPX+w=,qLvjaatAT6lGQgtc2A1lfR58444=
-215,26,3Vdxgb5fDmjpI1AwRUW2qtRPX+w=,qLvjaatAT6lGQgtc2A1lfR58444=
-217,26,3Vdxgb5fDmjpI1AwRUW2qtRPX+w=,qLvjaatAT6lGQgtc2A1lfR58444=
-216,26,3Vdxgb5fDmjpI1AwRUW2qtRPX+w=,qLvjaatAT6lGQgtc2A1lfR58444=
-212,26,3Vdxgb5fDmjpI1AwRUW2qtRPX+w=,qLvjaatAT6lGQgtc2A1lfR58444=
-220,26,3Vdxgb5fDmjpI1AwRUW2qtRPX+w=,qLvjaatAT6lGQgtc2A1lfR58444=
-221,26,3Vdxgb5fDmjpI1AwRUW2qtRPX+w=,qLvjaatAT6lGQgtc2A1lfR58444=
-211,18,3Vdxgb5fDmjpI1AwRUW2qtRPX+w=,qLvjaatAT6lGQgtc2A1lfR58444=
-224,26,3Vdxgb5fDmjpI1AwRUW2qtRPX+w=,qLvjaatAT6lGQgtc2A1lfR58444=
-212,16,3Vdxgb5fDmjpI1AwRUW2qtRPX+w=,qLvjaatAT6lGQgtc2A1lfR58444=
-222,26,3Vdxgb5fDmjpI1AwRUW2qtRPX+w=,qLvjaatAT6lGQgtc2A1lfR58444=
-223,26,3Vdxgb5fDmjpI1AwRUW2qtRPX+w=,qLvjaatAT6lGQgtc2A1lfR58444=
-212,17,3Vdxgb5fDmjpI1AwRUW2qtRPX+w=,qLvjaatAT6lGQgtc2A1lfR58444=
-210,25,3Vdxgb5fDmjpI1AwRUW2qtRPX+w=,qLvjaatAT6lGQgtc2A1lfR58444=
-213,26,3Vdxgb5fDmjpI1AwRUW2qtRPX+w=,qLvjaatAT6lGQgtc2A1lfR58444=
-211,25,3Vdxgb5fDmjpI1AwRUW2qtRPX+w=,qLvjaatAT6lGQgtc2A1lfR58444=
-212,25,3Vdxgb5fDmjpI1AwRUW2qtRPX+w=,qLvjaatAT6lGQgtc2A1lfR58444=
-213,25,3Vdxgb5fDmjpI1AwRUW2qtRPX+w=,qLvjaatAT6lGQgtc2A1lfR58444=
-214,25,3Vdxgb5fDmjpI1AwRUW2qtRPX+w=,qLvjaatAT6lGQgtc2A1lfR58444=
-215,25,3Vdxgb5fDmjpI1AwRUW2qtRPX+w=,qLvjaatAT6lGQgtc2A1lfR58444=
-209,25,3Vdxgb5fDmjpI1AwRUW2qtRPX+w=,qLvjaatAT6lGQgtc2A1lfR58444=
-218,26,3Vdxgb5fDmjpI1AwRUW2qtRPX+w=,qLvjaatAT6lGQgtc2A1lfR58444=
-218,25,3Vdxgb5fDmjpI1AwRUW2qtRPX+w=,qLvjaatAT6lGQgtc2A1lfR58444=
-221,28,3Vdxgb5fDmjpI1AwRUW2qtRPX+w=,qLvjaatAT6lGQgtc2A1lfR58444=
-222,25,3Vdxgb5fDmjpI1AwRUW2qtRPX+w=,qLvjaatAT6lGQgtc2A1lfR58444=
-223,25,3Vdxgb5fDmjpI1AwRUW2qtRPX+w=,qLvjaatAT6lGQgtc2A1lfR58444=
-221,25,3Vdxgb5fDmjpI1AwRUW2qtRPX+w=,qLvjaatAT6lGQgtc2A1lfR58444=
-212,18,3Vdxgb5fDmjpI1AwRUW2qtRPX+w=,qLvjaatAT6lGQgtc2A1lfR58444=
-213,16,3Vdxgb5fDmjpI1AwRUW2qtRPX+w=,qLvjaatAT6lGQgtc2A1lfR58444=
-209,24,3Vdxgb5fDmjpI1AwRUW2qtRPX+w=,qLvjaatAT6lGQgtc2A1lfR58444=
-213,17,3Vdxgb5fDmjpI1AwRUW2qtRPX+w=,qLvjaatAT6lGQgtc2A1lfR58444=
-224,25,3Vdxgb5fDmjpI1AwRUW2qtRPX+w=,qLvjaatAT6lGQgtc2A1lfR58444=
-210,24,3Vdxgb5fDmjpI1AwRUW2qtRPX+w=,qLvjaatAT6lGQgtc2A1lfR58444=
-211,24,3Vdxgb5fDmjpI1AwRUW2qtRPX+w=,qLvjaatAT6lGQgtc2A1lfR58444=
-212,24,3Vdxgb5fDmjpI1AwRUW2qtRPX+w=,qLvjaatAT6lGQgtc2A1lfR58444=
-213,24,3Vdxgb5fDmjpI1AwRUW2qtRPX+w=,qLvjaatAT6lGQgtc2A1lfR58444=
-223,29,3Vdxgb5fDmjpI1AwRUW2qtRPX+w=,qLvjaatAT6lGQgtc2A1lfR58444=
-222,28,3Vdxgb5fDmjpI1AwRUW2qtRPX+w=,qLvjaatAT6lGQgtc2A1lfR58444=
-216,24,3Vdxgb5fDmjpI1AwRUW2qtRPX+w=,qLvjaatAT6lGQgtc2A1lfR58444=
-217,24,3Vdxgb5fDmjpI1AwRUW2qtRPX+w=,qLvjaatAT6lGQgtc2A1lfR58444=
-218,24,3Vdxgb5fDmjpI1AwRUW2qtRPX+w=,qLvjaatAT6lGQgtc2A1lfR58444=
-220,24,3Vdxgb5fDmjpI1AwRUW2qtRPX+w=,qLvjaatAT6lGQgtc2A1lfR58444=
-222,24,3Vdxgb5fDmjpI1AwRUW2qtRPX+w=,qLvjaatAT6lGQgtc2A1lfR58444=
-219,24,3Vdxgb5fDmjpI1AwRUW2qtRPX+w=,qLvjaatAT6lGQgtc2A1lfR58444=
-221,24,3Vdxgb5fDmjpI1AwRUW2qtRPX+w=,qLvjaatAT6lGQgtc2A1lfR58444=
-223,24,3Vdxgb5fDmjpI1AwRUW2qtRPX+w=,qLvjaatAT6lGQgtc2A1lfR58444=
-214,16,3Vdxgb5fDmjpI1AwRUW2qtRPX+w=,qLvjaatAT6lGQgtc2A1lfR58444=
-213,18,3Vdxgb5fDmjpI1AwRUW2qtRPX+w=,qLvjaatAT6lGQgtc2A1lfR58444=
-224,24,3Vdxgb5fDmjpI1AwRUW2qtRPX+w=,qLvjaatAT6lGQgtc2A1lfR58444=
-209,23,3Vdxgb5fDmjpI1AwRUW2qtRPX+w=,qLvjaatAT6lGQgtc2A1lfR58444=
-220,25,3Vdxgb5fDmjpI1AwRUW2qtRPX+w=,qLvjaatAT6lGQgtc2A1lfR58444=
-216,25,3Vdxgb5fDmjpI1AwRUW2qtRPX+w=,qLvjaatAT6lGQgtc2A1lfR58444=
-214,24,3Vdxgb5fDmjpI1AwRUW2qtRPX+w=,qLvjaatAT6lGQgtc2A1lfR58444=
-213,23,3Vdxgb5fDmjpI1AwRUW2qtRPX+w=,qLvjaatAT6lGQgtc2A1lfR58444=
-214,17,3Vdxgb5fDmjpI1AwRUW2qtRPX+w=,qLvjaatAT6lGQgtc2A1lfR58444=
-220,28,3Vdxgb5fDmjpI1AwRUW2qtRPX+w=,qLvjaatAT6lGQgtc2A1lfR58444=
-215,23,3Vdxgb5fDmjpI1AwRUW2qtRPX+w=,qLvjaatAT6lGQgtc2A1lfR58444=
-216,23,3Vdxgb5fDmjpI1AwRUW2qtRPX+w=,qLvjaatAT6lGQgtc2A1lfR58444=
-217,23,3Vdxgb5fDmjpI1AwRUW2qtRPX+w=,qLvjaatAT6lGQgtc2A1lfR58444=
-219,23,3Vdxgb5fDmjpI1AwRUW2qtRPX+w=,qLvjaatAT6lGQgtc2A1lfR58444=
-218,23,3Vdxgb5fDmjpI1AwRUW2qtRPX+w=,qLvjaatAT6lGQgtc2A1lfR58444=
-221,23,3Vdxgb5fDmjpI1AwRUW2qtRPX+w=,qLvjaatAT6lGQgtc2A1lfR58444=
-222,23,3Vdxgb5fDmjpI1AwRUW2qtRPX+w=,qLvjaatAT6lGQgtc2A1lfR58444=
-215,16,3Vdxgb5fDmjpI1AwRUW2qtRPX+w=,qLvjaatAT6lGQgtc2A1lfR58444=
-220,23,3Vdxgb5fDmjpI1AwRUW2qtRPX+w=,qLvjaatAT6lGQgtc2A1lfR58444=
-223,23,3Vdxgb5fDmjpI1AwRUW2qtRPX+w=,qLvjaatAT6lGQgtc2A1lfR58444=
-214,18,3Vdxgb5fDmjpI1AwRUW2qtRPX+w=,qLvjaatAT6lGQgtc2A1lfR58444=
-224,23,3Vdxgb5fDmjpI1AwRUW2qtRPX+w=,qLvjaatAT6lGQgtc2A1lfR58444=
-220,27,3Vdxgb5fDmjpI1AwRUW2qtRPX+w=,qLvjaatAT6lGQgtc2A1lfR58444=
-215,24,3Vdxgb5fDmjpI1AwRUW2qtRPX+w=,qLvjaatAT6lGQgtc2A1lfR58444=
-217,25,3Vdxgb5fDmjpI1AwRUW2qtRPX+w=,qLvjaatAT6lGQgtc2A1lfR58444=
-221,29,3Vdxgb5fDmjpI1AwRUW2qtRPX+w=,qLvjaatAT6lGQgtc2A1lfR58444=
-224,29,3Vdxgb5fDmjpI1AwRUW2qtRPX+w=,qLvjaatAT6lGQgtc2A1lfR58444=
-215,17,3Vdxgb5fDmjpI1AwRUW2qtRPX+w=,qLvjaatAT6lGQgtc2A1lfR58444=
-209,22,3Vdxgb5fDmjpI1AwRUW2qtRPX+w=,qLvjaatAT6lGQgtc2A1lfR58444=
-222,29,3Vdxgb5fDmjpI1AwRUW2qtRPX+w=,qLvjaatAT6lGQgtc2A1lfR58444=
-211,23,3Vdxgb5fDmjpI1AwRUW2qtRPX+w=,qLvjaatAT6lGQgtc2A1lfR58444=
-220,29,3Vdxgb5fDmjpI1AwRUW2qtRPX+w=,qLvjaatAT6lGQgtc2A1lfR58444=
-212,23,3Vdxgb5fDmjpI1AwRUW2qtRPX+w=,qLvjaatAT6lGQgtc2A1lfR58444=
-210,22,3Vdxgb5fDmjpI1AwRUW2qtRPX+w=,qLvjaatAT6lGQgtc2A1lfR58444=
-219,27,3Vdxgb5fDmjpI1AwRUW2qtRPX+w=,qLvjaatAT6lGQgtc2A1lfR58444=
-214,23,3Vdxgb5fDmjpI1AwRUW2qtRPX+w=,qLvjaatAT6lGQgtc2A1lfR58444=
-219,25,3Vdxgb5fDmjpI1AwRUW2qtRPX+w=,qLvjaatAT6lGQgtc2A1lfR58444=
-219,26,3Vdxgb5fDmjpI1AwRUW2qtRPX+w=,qLvjaatAT6lGQgtc2A1lfR58444=
-210,23,3Vdxgb5fDmjpI1AwRUW2qtRPX+w=,qLvjaatAT6lGQgtc2A1lfR58444=
-203,16,3Vdxgb5fDmjpI1AwRUW2qtRPX+w=,rn1ujF9Tyo6Pjjyyq2T3pkmXBNM=
-202,19,3Vdxgb5fDmjpI1AwRUW2qtRPX+w=,rn1ujF9Tyo6Pjjyyq2T3pkmXBNM=
-202,18,3Vdxgb5fDmjpI1AwRUW2qtRPX+w=,rn1ujF9Tyo6Pjjyyq2T3pkmXBNM=
-203,18,3Vdxgb5fDmjpI1AwRUW2qtRPX+w=,rn1ujF9Tyo6Pjjyyq2T3pkmXBNM=
-201,19,3Vdxgb5fDmjpI1AwRUW2qtRPX+w=,rn1ujF9Tyo6Pjjyyq2T3pkmXBNM=
-203,19,3Vdxgb5fDmjpI1AwRUW2qtRPX+w=,rn1ujF9Tyo6Pjjyyq2T3pkmXBNM=
-200,19,3Vdxgb5fDmjpI1AwRUW2qtRPX+w=,rn1ujF9Tyo6Pjjyyq2T3pkmXBNM=
-204,19,3Vdxgb5fDmjpI1AwRUW2qtRPX+w=,rn1ujF9Tyo6Pjjyyq2T3pkmXBNM=
-205,16,3Vdxgb5fDmjpI1AwRUW2qtRPX+w=,rn1ujF9Tyo6Pjjyyq2T3pkmXBNM=
-199,19,3Vdxgb5fDmjpI1AwRUW2qtRPX+w=,rn1ujF9Tyo6Pjjyyq2T3pkmXBNM=
-206,19,3Vdxgb5fDmjpI1AwRUW2qtRPX+w=,rn1ujF9Tyo6Pjjyyq2T3pkmXBNM=
-204,17,3Vdxgb5fDmjpI1AwRUW2qtRPX+w=,rn1ujF9Tyo6Pjjyyq2T3pkmXBNM=
-203,17,3Vdxgb5fDmjpI1AwRUW2qtRPX+w=,rn1ujF9Tyo6Pjjyyq2T3pkmXBNM=
-205,19,3Vdxgb5fDmjpI1AwRUW2qtRPX+w=,rn1ujF9Tyo6Pjjyyq2T3pkmXBNM=
-193,31,3Vdxgb5fDmjpI1AwRUW2qtRPX+w=,rn1ujF9Tyo6Pjjyyq2T3pkmXBNM=
-204,18,3Vdxgb5fDmjpI1AwRUW2qtRPX+w=,rn1ujF9Tyo6Pjjyyq2T3pkmXBNM=
-207,16,3Vdxgb5fDmjpI1AwRUW2qtRPX+w=,rn1ujF9Tyo6Pjjyyq2T3pkmXBNM=
-195,31,3Vdxgb5fDmjpI1AwRUW2qtRPX+w=,rn1ujF9Tyo6Pjjyyq2T3pkmXBNM=
-194,31,3Vdxgb5fDmjpI1AwRUW2qtRPX+w=,rn1ujF9Tyo6Pjjyyq2T3pkmXBNM=
-198,31,3Vdxgb5fDmjpI1AwRUW2qtRPX+w=,rn1ujF9Tyo6Pjjyyq2T3pkmXBNM=
-196,31,3Vdxgb5fDmjpI1AwRUW2qtRPX+w=,rn1ujF9Tyo6Pjjyyq2T3pkmXBNM=
-200,31,3Vdxgb5fDmjpI1AwRUW2qtRPX+w=,rn1ujF9Tyo6Pjjyyq2T3pkmXBNM=
-199,31,3Vdxgb5fDmjpI1AwRUW2qtRPX+w=,rn1ujF9Tyo6Pjjyyq2T3pkmXBNM=
-201,31,3Vdxgb5fDmjpI1AwRUW2qtRPX+w=,rn1ujF9Tyo6Pjjyyq2T3pkmXBNM=
-197,31,3Vdxgb5fDmjpI1AwRUW2qtRPX+w=,rn1ujF9Tyo6Pjjyyq2T3pkmXBNM=
-202,31,3Vdxgb5fDmjpI1AwRUW2qtRPX+w=,rn1ujF9Tyo6Pjjyyq2T3pkmXBNM=
-203,31,3Vdxgb5fDmjpI1AwRUW2qtRPX+w=,rn1ujF9Tyo6Pjjyyq2T3pkmXBNM=
-205,31,3Vdxgb5fDmjpI1AwRUW2qtRPX+w=,rn1ujF9Tyo6Pjjyyq2T3pkmXBNM=
-204,31,3Vdxgb5fDmjpI1AwRUW2qtRPX+w=,rn1ujF9Tyo6Pjjyyq2T3pkmXBNM=
-207,19,3Vdxgb5fDmjpI1AwRUW2qtRPX+w=,rn1ujF9Tyo6Pjjyyq2T3pkmXBNM=
-207,31,3Vdxgb5fDmjpI1AwRUW2qtRPX+w=,rn1ujF9Tyo6Pjjyyq2T3pkmXBNM=
-204,16,3Vdxgb5fDmjpI1AwRUW2qtRPX+w=,rn1ujF9Tyo6Pjjyyq2T3pkmXBNM=
-208,31,3Vdxgb5fDmjpI1AwRUW2qtRPX+w=,rn1ujF9Tyo6Pjjyyq2T3pkmXBNM=
-193,30,3Vdxgb5fDmjpI1AwRUW2qtRPX+w=,rn1ujF9Tyo6Pjjyyq2T3pkmXBNM=
-205,18,3Vdxgb5fDmjpI1AwRUW2qtRPX+w=,rn1ujF9Tyo6Pjjyyq2T3pkmXBNM=
-194,30,3Vdxgb5fDmjpI1AwRUW2qtRPX+w=,rn1ujF9Tyo6Pjjyyq2T3pkmXBNM=
-195,30,3Vdxgb5fDmjpI1AwRUW2qtRPX+w=,rn1ujF9Tyo6Pjjyyq2T3pkmXBNM=
-196,30,3Vdxgb5fDmjpI1AwRUW2qtRPX+w=,rn1ujF9Tyo6Pjjyyq2T3pkmXBNM=
-206,31,3Vdxgb5fDmjpI1AwRUW2qtRPX+w=,rn1ujF9Tyo6Pjjyyq2T3pkmXBNM=
-198,30,3Vdxgb5fDmjpI1AwRUW2qtRPX+w=,rn1ujF9Tyo6Pjjyyq2T3pkmXBNM=
-197,30,3Vdxgb5fDmjpI1AwRUW2qtRPX+w=,rn1ujF9Tyo6Pjjyyq2T3pkmXBNM=
-199,30,3Vdxgb5fDmjpI1AwRUW2qtRPX+w=,rn1ujF9Tyo6Pjjyyq2T3pkmXBNM=
-201,30,3Vdxgb5fDmjpI1AwRUW2qtRPX+w=,rn1ujF9Tyo6Pjjyyq2T3pkmXBNM=
-202,30,3Vdxgb5fDmjpI1AwRUW2qtRPX+w=,rn1ujF9Tyo6Pjjyyq2T3pkmXBNM=
-200,30,3Vdxgb5fDmjpI1AwRUW2qtRPX+w=,rn1ujF9Tyo6Pjjyyq2T3pkmXBNM=
-205,30,3Vdxgb5fDmjpI1AwRUW2qtRPX+w=,rn1ujF9Tyo6Pjjyyq2T3pkmXBNM=
-206,30,3Vdxgb5fDmjpI1AwRUW2qtRPX+w=,rn1ujF9Tyo6Pjjyyq2T3pkmXBNM=
-203,30,3Vdxgb5fDmjpI1AwRUW2qtRPX+w=,rn1ujF9Tyo6Pjjyyq2T3pkmXBNM=
-207,30,3Vdxgb5fDmjpI1AwRUW2qtRPX+w=,rn1ujF9Tyo6Pjjyyq2T3pkmXBNM=
-208,30,3Vdxgb5fDmjpI1AwRUW2qtRPX+w=,rn1ujF9Tyo6Pjjyyq2T3pkmXBNM=
-193,29,3Vdxgb5fDmjpI1AwRUW2qtRPX+w=,rn1ujF9Tyo6Pjjyyq2T3pkmXBNM=
-205,17,3Vdxgb5fDmjpI1AwRUW2qtRPX+w=,rn1ujF9Tyo6Pjjyyq2T3pkmXBNM=
-194,29,3Vdxgb5fDmjpI1AwRUW2qtRPX+w=,rn1ujF9Tyo6Pjjyyq2T3pkmXBNM=
-206,18,3Vdxgb5fDmjpI1AwRUW2qtRPX+w=,rn1ujF9Tyo6Pjjyyq2T3pkmXBNM=
-197,29,3Vdxgb5fDmjpI1AwRUW2qtRPX+w=,rn1ujF9Tyo6Pjjyyq2T3pkmXBNM=
-198,29,3Vdxgb5fDmjpI1AwRUW2qtRPX+w=,rn1ujF9Tyo6Pjjyyq2T3pkmXBNM=
-204,30,3Vdxgb5fDmjpI1AwRUW2qtRPX+w=,rn1ujF9Tyo6Pjjyyq2T3pkmXBNM=
-199,29,3Vdxgb5fDmjpI1AwRUW2qtRPX+w=,rn1ujF9Tyo6Pjjyyq2T3pkmXBNM=
-200,29,3Vdxgb5fDmjpI1AwRUW2qtRPX+w=,rn1ujF9Tyo6Pjjyyq2T3pkmXBNM=
-203,29,3Vdxgb5fDmjpI1AwRUW2qtRPX+w=,rn1ujF9Tyo6Pjjyyq2T3pkmXBNM=
-195,29,3Vdxgb5fDmjpI1AwRUW2qtRPX+w=,rn1ujF9Tyo6Pjjyyq2T3pkmXBNM=
-205,29,3Vdxgb5fDmjpI1AwRUW2qtRPX+w=,rn1ujF9Tyo6Pjjyyq2T3pkmXBNM=
-201,29,3Vdxgb5fDmjpI1AwRUW2qtRPX+w=,rn1ujF9Tyo6Pjjyyq2T3pkmXBNM=
-204,29,3Vdxgb5fDmjpI1AwRUW2qtRPX+w=,rn1ujF9Tyo6Pjjyyq2T3pkmXBNM=
-202,29,3Vdxgb5fDmjpI1AwRUW2qtRPX+w=,rn1ujF9Tyo6Pjjyyq2T3pkmXBNM=
-196,29,3Vdxgb5fDmjpI1AwRUW2qtRPX+w=,rn1ujF9Tyo6Pjjyyq2T3pkmXBNM=
-206,29,3Vdxgb5fDmjpI1AwRUW2qtRPX+w=,rn1ujF9Tyo6Pjjyyq2T3pkmXBNM=
-207,29,3Vdxgb5fDmjpI1AwRUW2qtRPX+w=,rn1ujF9Tyo6Pjjyyq2T3pkmXBNM=
-206,17,3Vdxgb5fDmjpI1AwRUW2qtRPX+w=,rn1ujF9Tyo6Pjjyyq2T3pkmXBNM=
-208,29,3Vdxgb5fDmjpI1AwRUW2qtRPX+w=,rn1ujF9Tyo6Pjjyyq2T3pkmXBNM=
-207,18,3Vdxgb5fDmjpI1AwRUW2qtRPX+w=,rn1ujF9Tyo6Pjjyyq2T3pkmXBNM=
-194,28,3Vdxgb5fDmjpI1AwRUW2qtRPX+w=,rn1ujF9Tyo6Pjjyyq2T3pkmXBNM=
-193,28,3Vdxgb5fDmjpI1AwRUW2qtRPX+w=,rn1ujF9Tyo6Pjjyyq2T3pkmXBNM=
-195,28,3Vdxgb5fDmjpI1AwRUW2qtRPX+w=,rn1ujF9Tyo6Pjjyyq2T3pkmXBNM=
-196,28,3Vdxgb5fDmjpI1AwRUW2qtRPX+w=,rn1ujF9Tyo6Pjjyyq2T3pkmXBNM=
-197,28,3Vdxgb5fDmjpI1AwRUW2qtRPX+w=,rn1ujF9Tyo6Pjjyyq2T3pkmXBNM=
-200,28,3Vdxgb5fDmjpI1AwRUW2qtRPX+w=,rn1ujF9Tyo6Pjjyyq2T3pkmXBNM=
-199,28,3Vdxgb5fDmjpI1AwRUW2qtRPX+w=,rn1ujF9Tyo6Pjjyyq2T3pkmXBNM=
-201,28,3Vdxgb5fDmjpI1AwRUW2qtRPX+w=,rn1ujF9Tyo6Pjjyyq2T3pkmXBNM=
-202,28,3Vdxgb5fDmjpI1AwRUW2qtRPX+w=,rn1ujF9Tyo6Pjjyyq2T3pkmXBNM=
-198,28,3Vdxgb5fDmjpI1AwRUW2qtRPX+w=,rn1ujF9Tyo6Pjjyyq2T3pkmXBNM=
-203,28,3Vdxgb5fDmjpI1AwRUW2qtRPX+w=,rn1ujF9Tyo6Pjjyyq2T3pkmXBNM=
-204,28,3Vdxgb5fDmjpI1AwRUW2qtRPX+w=,rn1ujF9Tyo6Pjjyyq2T3pkmXBNM=
-205,28,3Vdxgb5fDmjpI1AwRUW2qtRPX+w=,rn1ujF9Tyo6Pjjyyq2T3pkmXBNM=
-207,28,3Vdxgb5fDmjpI1AwRUW2qtRPX+w=,rn1ujF9Tyo6Pjjyyq2T3pkmXBNM=
-208,28,3Vdxgb5fDmjpI1AwRUW2qtRPX+w=,rn1ujF9Tyo6Pjjyyq2T3pkmXBNM=
-206,28,3Vdxgb5fDmjpI1AwRUW2qtRPX+w=,rn1ujF9Tyo6Pjjyyq2T3pkmXBNM=
-208,17,3Vdxgb5fDmjpI1AwRUW2qtRPX+w=,rn1ujF9Tyo6Pjjyyq2T3pkmXBNM=
-206,16,3Vdxgb5fDmjpI1AwRUW2qtRPX+w=,rn1ujF9Tyo6Pjjyyq2T3pkmXBNM=
-207,17,3Vdxgb5fDmjpI1AwRUW2qtRPX+w=,rn1ujF9Tyo6Pjjyyq2T3pkmXBNM=
-208,18,3Vdxgb5fDmjpI1AwRUW2qtRPX+w=,rn1ujF9Tyo6Pjjyyq2T3pkmXBNM=
-208,19,3Vdxgb5fDmjpI1AwRUW2qtRPX+w=,rn1ujF9Tyo6Pjjyyq2T3pkmXBNM=
-194,17,3Vdxgb5fDmjpI1AwRUW2qtRPX+w=,rn1ujF9Tyo6Pjjyyq2T3pkmXBNM=
-193,18,3Vdxgb5fDmjpI1AwRUW2qtRPX+w=,rn1ujF9Tyo6Pjjyyq2T3pkmXBNM=
-195,27,3Vdxgb5fDmjpI1AwRUW2qtRPX+w=,rn1ujF9Tyo6Pjjyyq2T3pkmXBNM=
-196,27,3Vdxgb5fDmjpI1AwRUW2qtRPX+w=,rn1ujF9Tyo6Pjjyyq2T3pkmXBNM=
-193,16,3Vdxgb5fDmjpI1AwRUW2qtRPX+w=,rn1ujF9Tyo6Pjjyyq2T3pkmXBNM=
-193,27,3Vdxgb5fDmjpI1AwRUW2qtRPX+w=,rn1ujF9Tyo6Pjjyyq2T3pkmXBNM=
-193,17,3Vdxgb5fDmjpI1AwRUW2qtRPX+w=,rn1ujF9Tyo6Pjjyyq2T3pkmXBNM=
-197,27,3Vdxgb5fDmjpI1AwRUW2qtRPX+w=,rn1ujF9Tyo6Pjjyyq2T3pkmXBNM=
-198,27,3Vdxgb5fDmjpI1AwRUW2qtRPX+w=,rn1ujF9Tyo6Pjjyyq2T3pkmXBNM=
-194,16,3Vdxgb5fDmjpI1AwRUW2qtRPX+w=,rn1ujF9Tyo6Pjjyyq2T3pkmXBNM=
-199,27,3Vdxgb5fDmjpI1AwRUW2qtRPX+w=,rn1ujF9Tyo6Pjjyyq2T3pkmXBNM=
-201,27,3Vdxgb5fDmjpI1AwRUW2qtRPX+w=,rn1ujF9Tyo6Pjjyyq2T3pkmXBNM=
-200,27,3Vdxgb5fDmjpI1AwRUW2qtRPX+w=,rn1ujF9Tyo6Pjjyyq2T3pkmXBNM=
-202,27,3Vdxgb5fDmjpI1AwRUW2qtRPX+w=,rn1ujF9Tyo6Pjjyyq2T3pkmXBNM=
-205,27,3Vdxgb5fDmjpI1AwRUW2qtRPX+w=,rn1ujF9Tyo6Pjjyyq2T3pkmXBNM=
-204,27,3Vdxgb5fDmjpI1AwRUW2qtRPX+w=,rn1ujF9Tyo6Pjjyyq2T3pkmXBNM=
-206,27,3Vdxgb5fDmjpI1AwRUW2qtRPX+w=,rn1ujF9Tyo6Pjjyyq2T3pkmXBNM=
-195,16,3Vdxgb5fDmjpI1AwRUW2qtRPX+w=,rn1ujF9Tyo6Pjjyyq2T3pkmXBNM=
-207,27,3Vdxgb5fDmjpI1AwRUW2qtRPX+w=,rn1ujF9Tyo6Pjjyyq2T3pkmXBNM=
-194,27,3Vdxgb5fDmjpI1AwRUW2qtRPX+w=,rn1ujF9Tyo6Pjjyyq2T3pkmXBNM=
-208,27,3Vdxgb5fDmjpI1AwRUW2qtRPX+w=,rn1ujF9Tyo6Pjjyyq2T3pkmXBNM=
-195,17,3Vdxgb5fDmjpI1AwRUW2qtRPX+w=,rn1ujF9Tyo6Pjjyyq2T3pkmXBNM=
-194,18,3Vdxgb5fDmjpI1AwRUW2qtRPX+w=,rn1ujF9Tyo6Pjjyyq2T3pkmXBNM=
-193,26,3Vdxgb5fDmjpI1AwRUW2qtRPX+w=,rn1ujF9Tyo6Pjjyyq2T3pkmXBNM=
-196,26,3Vdxgb5fDmjpI1AwRUW2qtRPX+w=,rn1ujF9Tyo6Pjjyyq2T3pkmXBNM=
-194,26,3Vdxgb5fDmjpI1AwRUW2qtRPX+w=,rn1ujF9Tyo6Pjjyyq2T3pkmXBNM=
-198,26,3Vdxgb5fDmjpI1AwRUW2qtRPX+w=,rn1ujF9Tyo6Pjjyyq2T3pkmXBNM=
-195,26,3Vdxgb5fDmjpI1AwRUW2qtRPX+w=,rn1ujF9Tyo6Pjjyyq2T3pkmXBNM=
-197,26,3Vdxgb5fDmjpI1AwRUW2qtRPX+w=,rn1ujF9Tyo6Pjjyyq2T3pkmXBNM=
-201,26,3Vdxgb5fDmjpI1AwRUW2qtRPX+w=,rn1ujF9Tyo6Pjjyyq2T3pkmXBNM=
-203,26,3Vdxgb5fDmjpI1AwRUW2qtRPX+w=,rn1ujF9Tyo6Pjjyyq2T3pkmXBNM=
-199,26,3Vdxgb5fDmjpI1AwRUW2qtRPX+w=,rn1ujF9Tyo6Pjjyyq2T3pkmXBNM=
-204,26,3Vdxgb5fDmjpI1AwRUW2qtRPX+w=,rn1ujF9Tyo6Pjjyyq2T3pkmXBNM=
-205,26,3Vdxgb5fDmjpI1AwRUW2qtRPX+w=,rn1ujF9Tyo6Pjjyyq2T3pkmXBNM=
-196,16,3Vdxgb5fDmjpI1AwRUW2qtRPX+w=,rn1ujF9Tyo6Pjjyyq2T3pkmXBNM=
-207,26,3Vdxgb5fDmjpI1AwRUW2qtRPX+w=,rn1ujF9Tyo6Pjjyyq2T3pkmXBNM=
-195,18,3Vdxgb5fDmjpI1AwRUW2qtRPX+w=,rn1ujF9Tyo6Pjjyyq2T3pkmXBNM=
-193,25,3Vdxgb5fDmjpI1AwRUW2qtRPX+w=,rn1ujF9Tyo6Pjjyyq2T3pkmXBNM=
-208,26,3Vdxgb5fDmjpI1AwRUW2qtRPX+w=,rn1ujF9Tyo6Pjjyyq2T3pkmXBNM=
-203,27,3Vdxgb5fDmjpI1AwRUW2qtRPX+w=,rn1ujF9Tyo6Pjjyyq2T3pkmXBNM=
-195,25,3Vdxgb5fDmjpI1AwRUW2qtRPX+w=,rn1ujF9Tyo6Pjjyyq2T3pkmXBNM=
-194,25,3Vdxgb5fDmjpI1AwRUW2qtRPX+w=,rn1ujF9Tyo6Pjjyyq2T3pkmXBNM=
-196,17,3Vdxgb5fDmjpI1AwRUW2qtRPX+w=,rn1ujF9Tyo6Pjjyyq2T3pkmXBNM=
-196,25,3Vdxgb5fDmjpI1AwRUW2qtRPX+w=,rn1ujF9Tyo6Pjjyyq2T3pkmXBNM=
-197,25,3Vdxgb5fDmjpI1AwRUW2qtRPX+w=,rn1ujF9Tyo6Pjjyyq2T3pkmXBNM=
-200,25,3Vdxgb5fDmjpI1AwRUW2qtRPX+w=,rn1ujF9Tyo6Pjjyyq2T3pkmXBNM=
-202,26,3Vdxgb5fDmjpI1AwRUW2qtRPX+w=,rn1ujF9Tyo6Pjjyyq2T3pkmXBNM=
-198,25,3Vdxgb5fDmjpI1AwRUW2qtRPX+w=,rn1ujF9Tyo6Pjjyyq2T3pkmXBNM=
-199,25,3Vdxgb5fDmjpI1AwRUW2qtRPX+w=,rn1ujF9Tyo6Pjjyyq2T3pkmXBNM=
-200,26,3Vdxgb5fDmjpI1AwRUW2qtRPX+w=,rn1ujF9Tyo6Pjjyyq2T3pkmXBNM=
-201,25,3Vdxgb5fDmjpI1AwRUW2qtRPX+w=,rn1ujF9Tyo6Pjjyyq2T3pkmXBNM=
-204,25,3Vdxgb5fDmjpI1AwRUW2qtRPX+w=,rn1ujF9Tyo6Pjjyyq2T3pkmXBNM=
-206,26,3Vdxgb5fDmjpI1AwRUW2qtRPX+w=,rn1ujF9Tyo6Pjjyyq2T3pkmXBNM=
-208,25,3Vdxgb5fDmjpI1AwRUW2qtRPX+w=,rn1ujF9Tyo6Pjjyyq2T3pkmXBNM=
-202,25,3Vdxgb5fDmjpI1AwRUW2qtRPX+w=,rn1ujF9Tyo6Pjjyyq2T3pkmXBNM=
-207,25,3Vdxgb5fDmjpI1AwRUW2qtRPX+w=,rn1ujF9Tyo6Pjjyyq2T3pkmXBNM=
-206,25,3Vdxgb5fDmjpI1AwRUW2qtRPX+w=,rn1ujF9Tyo6Pjjyyq2T3pkmXBNM=
-203,25,3Vdxgb5fDmjpI1AwRUW2qtRPX+w=,rn1ujF9Tyo6Pjjyyq2T3pkmXBNM=
-196,18,3Vdxgb5fDmjpI1AwRUW2qtRPX+w=,rn1ujF9Tyo6Pjjyyq2T3pkmXBNM=
-197,17,3Vdxgb5fDmjpI1AwRUW2qtRPX+w=,rn1ujF9Tyo6Pjjyyq2T3pkmXBNM=
-197,16,3Vdxgb5fDmjpI1AwRUW2qtRPX+w=,rn1ujF9Tyo6Pjjyyq2T3pkmXBNM=
-194,24,3Vdxgb5fDmjpI1AwRUW2qtRPX+w=,rn1ujF9Tyo6Pjjyyq2T3pkmXBNM=
-205,25,3Vdxgb5fDmjpI1AwRUW2qtRPX+w=,rn1ujF9Tyo6Pjjyyq2T3pkmXBNM=
-193,24,3Vdxgb5fDmjpI1AwRUW2qtRPX+w=,rn1ujF9Tyo6Pjjyyq2T3pkmXBNM=
-198,24,3Vdxgb5fDmjpI1AwRUW2qtRPX+w=,rn1ujF9Tyo6Pjjyyq2T3pkmXBNM=
-196,24,3Vdxgb5fDmjpI1AwRUW2qtRPX+w=,rn1ujF9Tyo6Pjjyyq2T3pkmXBNM=
-197,24,3Vdxgb5fDmjpI1AwRUW2qtRPX+w=,rn1ujF9Tyo6Pjjyyq2T3pkmXBNM=
-203,24,3Vdxgb5fDmjpI1AwRUW2qtRPX+w=,rn1ujF9Tyo6Pjjyyq2T3pkmXBNM=
-195,24,3Vdxgb5fDmjpI1AwRUW2qtRPX+w=,rn1ujF9Tyo6Pjjyyq2T3pkmXBNM=
-199,24,3Vdxgb5fDmjpI1AwRUW2qtRPX+w=,rn1ujF9Tyo6Pjjyyq2T3pkmXBNM=
-200,24,3Vdxgb5fDmjpI1AwRUW2qtRPX+w=,rn1ujF9Tyo6Pjjyyq2T3pkmXBNM=
-205,24,3Vdxgb5fDmjpI1AwRUW2qtRPX+w=,rn1ujF9Tyo6Pjjyyq2T3pkmXBNM=
-206,24,3Vdxgb5fDmjpI1AwRUW2qtRPX+w=,rn1ujF9Tyo6Pjjyyq2T3pkmXBNM=
-202,24,3Vdxgb5fDmjpI1AwRUW2qtRPX+w=,rn1ujF9Tyo6Pjjyyq2T3pkmXBNM=
-201,24,3Vdxgb5fDmjpI1AwRUW2qtRPX+w=,rn1ujF9Tyo6Pjjyyq2T3pkmXBNM=
-207,24,3Vdxgb5fDmjpI1AwRUW2qtRPX+w=,rn1ujF9Tyo6Pjjyyq2T3pkmXBNM=
-204,24,3Vdxgb5fDmjpI1AwRUW2qtRPX+w=,rn1ujF9Tyo6Pjjyyq2T3pkmXBNM=
-208,24,3Vdxgb5fDmjpI1AwRUW2qtRPX+w=,rn1ujF9Tyo6Pjjyyq2T3pkmXBNM=
-197,18,3Vdxgb5fDmjpI1AwRUW2qtRPX+w=,rn1ujF9Tyo6Pjjyyq2T3pkmXBNM=
-198,16,3Vdxgb5fDmjpI1AwRUW2qtRPX+w=,rn1ujF9Tyo6Pjjyyq2T3pkmXBNM=
-198,17,3Vdxgb5fDmjpI1AwRUW2qtRPX+w=,rn1ujF9Tyo6Pjjyyq2T3pkmXBNM=
-194,23,3Vdxgb5fDmjpI1AwRUW2qtRPX+w=,rn1ujF9Tyo6Pjjyyq2T3pkmXBNM=
-195,23,3Vdxgb5fDmjpI1AwRUW2qtRPX+w=,rn1ujF9Tyo6Pjjyyq2T3pkmXBNM=
-196,23,3Vdxgb5fDmjpI1AwRUW2qtRPX+w=,rn1ujF9Tyo6Pjjyyq2T3pkmXBNM=
-199,23,3Vdxgb5fDmjpI1AwRUW2qtRPX+w=,rn1ujF9Tyo6Pjjyyq2T3pkmXBNM=
-197,23,3Vdxgb5fDmjpI1AwRUW2qtRPX+w=,rn1ujF9Tyo6Pjjyyq2T3pkmXBNM=
-198,23,3Vdxgb5fDmjpI1AwRUW2qtRPX+w=,rn1ujF9Tyo6Pjjyyq2T3pkmXBNM=
-200,23,3Vdxgb5fDmjpI1AwRUW2qtRPX+w=,rn1ujF9Tyo6Pjjyyq2T3pkmXBNM=
-202,23,3Vdxgb5fDmjpI1AwRUW2qtRPX+w=,rn1ujF9Tyo6Pjjyyq2T3pkmXBNM=
-201,23,3Vdxgb5fDmjpI1AwRUW2qtRPX+w=,rn1ujF9Tyo6Pjjyyq2T3pkmXBNM=
-193,23,3Vdxgb5fDmjpI1AwRUW2qtRPX+w=,rn1ujF9Tyo6Pjjyyq2T3pkmXBNM=
-204,23,3Vdxgb5fDmjpI1AwRUW2qtRPX+w=,rn1ujF9Tyo6Pjjyyq2T3pkmXBNM=
-205,23,3Vdxgb5fDmjpI1AwRUW2qtRPX+w=,rn1ujF9Tyo6Pjjyyq2T3pkmXBNM=
-203,23,3Vdxgb5fDmjpI1AwRUW2qtRPX+w=,rn1ujF9Tyo6Pjjyyq2T3pkmXBNM=
-206,23,3Vdxgb5fDmjpI1AwRUW2qtRPX+w=,rn1ujF9Tyo6Pjjyyq2T3pkmXBNM=
-207,23,3Vdxgb5fDmjpI1AwRUW2qtRPX+w=,rn1ujF9Tyo6Pjjyyq2T3pkmXBNM=
-208,23,3Vdxgb5fDmjpI1AwRUW2qtRPX+w=,rn1ujF9Tyo6Pjjyyq2T3pkmXBNM=
-199,16,3Vdxgb5fDmjpI1AwRUW2qtRPX+w=,rn1ujF9Tyo6Pjjyyq2T3pkmXBNM=
-198,18,3Vdxgb5fDmjpI1AwRUW2qtRPX+w=,rn1ujF9Tyo6Pjjyyq2T3pkmXBNM=
-195,22,3Vdxgb5fDmjpI1AwRUW2qtRPX+w=,rn1ujF9Tyo6Pjjyyq2T3pkmXBNM=
-196,22,3Vdxgb5fDmjpI1AwRUW2qtRPX+w=,rn1ujF9Tyo6Pjjyyq2T3pkmXBNM=
-199,17,3Vdxgb5fDmjpI1AwRUW2qtRPX+w=,rn1ujF9Tyo6Pjjyyq2T3pkmXBNM=
-194,22,3Vdxgb5fDmjpI1AwRUW2qtRPX+w=,rn1ujF9Tyo6Pjjyyq2T3pkmXBNM=
-201,22,3Vdxgb5fDmjpI1AwRUW2qtRPX+w=,rn1ujF9Tyo6Pjjyyq2T3pkmXBNM=
-193,22,3Vdxgb5fDmjpI1AwRUW2qtRPX+w=,rn1ujF9Tyo6Pjjyyq2T3pkmXBNM=
-202,22,3Vdxgb5fDmjpI1AwRUW2qtRPX+w=,rn1ujF9Tyo6Pjjyyq2T3pkmXBNM=
-203,22,3Vdxgb5fDmjpI1AwRUW2qtRPX+w=,rn1ujF9Tyo6Pjjyyq2T3pkmXBNM=
-200,22,3Vdxgb5fDmjpI1AwRUW2qtRPX+w=,rn1ujF9Tyo6Pjjyyq2T3pkmXBNM=
-207,22,3Vdxgb5fDmjpI1AwRUW2qtRPX+w=,rn1ujF9Tyo6Pjjyyq2T3pkmXBNM=
-204,22,3Vdxgb5fDmjpI1AwRUW2qtRPX+w=,rn1ujF9Tyo6Pjjyyq2T3pkmXBNM=
-206,22,3Vdxgb5fDmjpI1AwRUW2qtRPX+w=,rn1ujF9Tyo6Pjjyyq2T3pkmXBNM=
-205,22,3Vdxgb5fDmjpI1AwRUW2qtRPX+w=,rn1ujF9Tyo6Pjjyyq2T3pkmXBNM=
-208,22,3Vdxgb5fDmjpI1AwRUW2qtRPX+w=,rn1ujF9Tyo6Pjjyyq2T3pkmXBNM=
-199,18,3Vdxgb5fDmjpI1AwRUW2qtRPX+w=,rn1ujF9Tyo6Pjjyyq2T3pkmXBNM=
-200,16,3Vdxgb5fDmjpI1AwRUW2qtRPX+w=,rn1ujF9Tyo6Pjjyyq2T3pkmXBNM=
-193,21,3Vdxgb5fDmjpI1AwRUW2qtRPX+w=,rn1ujF9Tyo6Pjjyyq2T3pkmXBNM=
-195,21,3Vdxgb5fDmjpI1AwRUW2qtRPX+w=,rn1ujF9Tyo6Pjjyyq2T3pkmXBNM=
-194,21,3Vdxgb5fDmjpI1AwRUW2qtRPX+w=,rn1ujF9Tyo6Pjjyyq2T3pkmXBNM=
-200,17,3Vdxgb5fDmjpI1AwRUW2qtRPX+w=,rn1ujF9Tyo6Pjjyyq2T3pkmXBNM=
-202,21,3Vdxgb5fDmjpI1AwRUW2qtRPX+w=,rn1ujF9Tyo6Pjjyyq2T3pkmXBNM=
-204,21,3Vdxgb5fDmjpI1AwRUW2qtRPX+w=,rn1ujF9Tyo6Pjjyyq2T3pkmXBNM=
-203,21,3Vdxgb5fDmjpI1AwRUW2qtRPX+w=,rn1ujF9Tyo6Pjjyyq2T3pkmXBNM=
-205,21,3Vdxgb5fDmjpI1AwRUW2qtRPX+w=,rn1ujF9Tyo6Pjjyyq2T3pkmXBNM=
-201,16,3Vdxgb5fDmjpI1AwRUW2qtRPX+w=,rn1ujF9Tyo6Pjjyyq2T3pkmXBNM=
-208,21,3Vdxgb5fDmjpI1AwRUW2qtRPX+w=,rn1ujF9Tyo6Pjjyyq2T3pkmXBNM=
-193,20,3Vdxgb5fDmjpI1AwRUW2qtRPX+w=,rn1ujF9Tyo6Pjjyyq2T3pkmXBNM=
-194,20,3Vdxgb5fDmjpI1AwRUW2qtRPX+w=,rn1ujF9Tyo6Pjjyyq2T3pkmXBNM=
-195,20,3Vdxgb5fDmjpI1AwRUW2qtRPX+w=,rn1ujF9Tyo6Pjjyyq2T3pkmXBNM=
-196,20,3Vdxgb5fDmjpI1AwRUW2qtRPX+w=,rn1ujF9Tyo6Pjjyyq2T3pkmXBNM=
-201,17,3Vdxgb5fDmjpI1AwRUW2qtRPX+w=,rn1ujF9Tyo6Pjjyyq2T3pkmXBNM=
-200,20,3Vdxgb5fDmjpI1AwRUW2qtRPX+w=,rn1ujF9Tyo6Pjjyyq2T3pkmXBNM=
-201,20,3Vdxgb5fDmjpI1AwRUW2qtRPX+w=,rn1ujF9Tyo6Pjjyyq2T3pkmXBNM=
-202,20,3Vdxgb5fDmjpI1AwRUW2qtRPX+w=,rn1ujF9Tyo6Pjjyyq2T3pkmXBNM=
-204,20,3Vdxgb5fDmjpI1AwRUW2qtRPX+w=,rn1ujF9Tyo6Pjjyyq2T3pkmXBNM=
-205,20,3Vdxgb5fDmjpI1AwRUW2qtRPX+w=,rn1ujF9Tyo6Pjjyyq2T3pkmXBNM=
-200,18,3Vdxgb5fDmjpI1AwRUW2qtRPX+w=,rn1ujF9Tyo6Pjjyyq2T3pkmXBNM=
-208,20,3Vdxgb5fDmjpI1AwRUW2qtRPX+w=,rn1ujF9Tyo6Pjjyyq2T3pkmXBNM=
-201,21,3Vdxgb5fDmjpI1AwRUW2qtRPX+w=,rn1ujF9Tyo6Pjjyyq2T3pkmXBNM=
-202,16,3Vdxgb5fDmjpI1AwRUW2qtRPX+w=,rn1ujF9Tyo6Pjjyyq2T3pkmXBNM=
-201,18,3Vdxgb5fDmjpI1AwRUW2qtRPX+w=,rn1ujF9Tyo6Pjjyyq2T3pkmXBNM=
-203,20,3Vdxgb5fDmjpI1AwRUW2qtRPX+w=,rn1ujF9Tyo6Pjjyyq2T3pkmXBNM=
-207,20,3Vdxgb5fDmjpI1AwRUW2qtRPX+w=,rn1ujF9Tyo6Pjjyyq2T3pkmXBNM=
-193,19,3Vdxgb5fDmjpI1AwRUW2qtRPX+w=,rn1ujF9Tyo6Pjjyyq2T3pkmXBNM=
-202,17,3Vdxgb5fDmjpI1AwRUW2qtRPX+w=,rn1ujF9Tyo6Pjjyyq2T3pkmXBNM=
-194,19,3Vdxgb5fDmjpI1AwRUW2qtRPX+w=,rn1ujF9Tyo6Pjjyyq2T3pkmXBNM=
-195,19,3Vdxgb5fDmjpI1AwRUW2qtRPX+w=,rn1ujF9Tyo6Pjjyyq2T3pkmXBNM=
-196,19,3Vdxgb5fDmjpI1AwRUW2qtRPX+w=,rn1ujF9Tyo6Pjjyyq2T3pkmXBNM=
-197,19,3Vdxgb5fDmjpI1AwRUW2qtRPX+w=,rn1ujF9Tyo6Pjjyyq2T3pkmXBNM=
-207,21,3Vdxgb5fDmjpI1AwRUW2qtRPX+w=,rn1ujF9Tyo6Pjjyyq2T3pkmXBNM=
-196,21,3Vdxgb5fDmjpI1AwRUW2qtRPX+w=,rn1ujF9Tyo6Pjjyyq2T3pkmXBNM=
-208,16,3Vdxgb5fDmjpI1AwRUW2qtRPX+w=,rn1ujF9Tyo6Pjjyyq2T3pkmXBNM=
-200,21,3Vdxgb5fDmjpI1AwRUW2qtRPX+w=,rn1ujF9Tyo6Pjjyyq2T3pkmXBNM=
-198,19,3Vdxgb5fDmjpI1AwRUW2qtRPX+w=,rn1ujF9Tyo6Pjjyyq2T3pkmXBNM=
-197,22,3Vdxgb5fDmjpI1AwRUW2qtRPX+w=,rn1ujF9Tyo6Pjjyyq2T3pkmXBNM=
-206,20,3Vdxgb5fDmjpI1AwRUW2qtRPX+w=,rn1ujF9Tyo6Pjjyyq2T3pkmXBNM=
-199,21,3Vdxgb5fDmjpI1AwRUW2qtRPX+w=,rn1ujF9Tyo6Pjjyyq2T3pkmXBNM=
-198,20,3Vdxgb5fDmjpI1AwRUW2qtRPX+w=,rn1ujF9Tyo6Pjjyyq2T3pkmXBNM=
-198,22,3Vdxgb5fDmjpI1AwRUW2qtRPX+w=,rn1ujF9Tyo6Pjjyyq2T3pkmXBNM=
-199,20,3Vdxgb5fDmjpI1AwRUW2qtRPX+w=,rn1ujF9Tyo6Pjjyyq2T3pkmXBNM=
-206,21,3Vdxgb5fDmjpI1AwRUW2qtRPX+w=,rn1ujF9Tyo6Pjjyyq2T3pkmXBNM=
-199,22,3Vdxgb5fDmjpI1AwRUW2qtRPX+w=,rn1ujF9Tyo6Pjjyyq2T3pkmXBNM=
-197,20,3Vdxgb5fDmjpI1AwRUW2qtRPX+w=,rn1ujF9Tyo6Pjjyyq2T3pkmXBNM=
-197,21,3Vdxgb5fDmjpI1AwRUW2qtRPX+w=,rn1ujF9Tyo6Pjjyyq2T3pkmXBNM=
-198,21,3Vdxgb5fDmjpI1AwRUW2qtRPX+w=,rn1ujF9Tyo6Pjjyyq2T3pkmXBNM=
-202,3,3Vdxgb5fDmjpI1AwRUW2qtRPX+w=,cLH2rKOSfRWsva8uhHmDKSjtcQk=
-203,0,3Vdxgb5fDmjpI1AwRUW2qtRPX+w=,cLH2rKOSfRWsva8uhHmDKSjtcQk=
-202,2,3Vdxgb5fDmjpI1AwRUW2qtRPX+w=,cLH2rKOSfRWsva8uhHmDKSjtcQk=
-203,2,3Vdxgb5fDmjpI1AwRUW2qtRPX+w=,cLH2rKOSfRWsva8uhHmDKSjtcQk=
-203,3,3Vdxgb5fDmjpI1AwRUW2qtRPX+w=,cLH2rKOSfRWsva8uhHmDKSjtcQk=
-205,0,3Vdxgb5fDmjpI1AwRUW2qtRPX+w=,cLH2rKOSfRWsva8uhHmDKSjtcQk=
-204,3,3Vdxgb5fDmjpI1AwRUW2qtRPX+w=,cLH2rKOSfRWsva8uhHmDKSjtcQk=
-201,3,3Vdxgb5fDmjpI1AwRUW2qtRPX+w=,cLH2rKOSfRWsva8uhHmDKSjtcQk=
-200,3,3Vdxgb5fDmjpI1AwRUW2qtRPX+w=,cLH2rKOSfRWsva8uhHmDKSjtcQk=
-205,3,3Vdxgb5fDmjpI1AwRUW2qtRPX+w=,cLH2rKOSfRWsva8uhHmDKSjtcQk=
-199,3,3Vdxgb5fDmjpI1AwRUW2qtRPX+w=,cLH2rKOSfRWsva8uhHmDKSjtcQk=
-203,1,3Vdxgb5fDmjpI1AwRUW2qtRPX+w=,cLH2rKOSfRWsva8uhHmDKSjtcQk=
-204,1,3Vdxgb5fDmjpI1AwRUW2qtRPX+w=,cLH2rKOSfRWsva8uhHmDKSjtcQk=
-207,0,3Vdxgb5fDmjpI1AwRUW2qtRPX+w=,cLH2rKOSfRWsva8uhHmDKSjtcQk=
-198,3,3Vdxgb5fDmjpI1AwRUW2qtRPX+w=,cLH2rKOSfRWsva8uhHmDKSjtcQk=
-204,2,3Vdxgb5fDmjpI1AwRUW2qtRPX+w=,cLH2rKOSfRWsva8uhHmDKSjtcQk=
-197,3,3Vdxgb5fDmjpI1AwRUW2qtRPX+w=,cLH2rKOSfRWsva8uhHmDKSjtcQk=
-193,15,3Vdxgb5fDmjpI1AwRUW2qtRPX+w=,cLH2rKOSfRWsva8uhHmDKSjtcQk=
-196,3,3Vdxgb5fDmjpI1AwRUW2qtRPX+w=,cLH2rKOSfRWsva8uhHmDKSjtcQk=
-194,15,3Vdxgb5fDmjpI1AwRUW2qtRPX+w=,cLH2rKOSfRWsva8uhHmDKSjtcQk=
-195,15,3Vdxgb5fDmjpI1AwRUW2qtRPX+w=,cLH2rKOSfRWsva8uhHmDKSjtcQk=
-197,15,3Vdxgb5fDmjpI1AwRUW2qtRPX+w=,cLH2rKOSfRWsva8uhHmDKSjtcQk=
-195,3,3Vdxgb5fDmjpI1AwRUW2qtRPX+w=,cLH2rKOSfRWsva8uhHmDKSjtcQk=
-196,15,3Vdxgb5fDmjpI1AwRUW2qtRPX+w=,cLH2rKOSfRWsva8uhHmDKSjtcQk=
-198,15,3Vdxgb5fDmjpI1AwRUW2qtRPX+w=,cLH2rKOSfRWsva8uhHmDKSjtcQk=
-199,15,3Vdxgb5fDmjpI1AwRUW2qtRPX+w=,cLH2rKOSfRWsva8uhHmDKSjtcQk=
-202,15,3Vdxgb5fDmjpI1AwRUW2qtRPX+w=,cLH2rKOSfRWsva8uhHmDKSjtcQk=
-203,15,3Vdxgb5fDmjpI1AwRUW2qtRPX+w=,cLH2rKOSfRWsva8uhHmDKSjtcQk=
-204,15,3Vdxgb5fDmjpI1AwRUW2qtRPX+w=,cLH2rKOSfRWsva8uhHmDKSjtcQk=
-206,3,3Vdxgb5fDmjpI1AwRUW2qtRPX+w=,cLH2rKOSfRWsva8uhHmDKSjtcQk=
-205,15,3Vdxgb5fDmjpI1AwRUW2qtRPX+w=,cLH2rKOSfRWsva8uhHmDKSjtcQk=
-208,0,3Vdxgb5fDmjpI1AwRUW2qtRPX+w=,cLH2rKOSfRWsva8uhHmDKSjtcQk=
-201,15,3Vdxgb5fDmjpI1AwRUW2qtRPX+w=,cLH2rKOSfRWsva8uhHmDKSjtcQk=
-207,3,3Vdxgb5fDmjpI1AwRUW2qtRPX+w=,cLH2rKOSfRWsva8uhHmDKSjtcQk=
-194,3,3Vdxgb5fDmjpI1AwRUW2qtRPX+w=,cLH2rKOSfRWsva8uhHmDKSjtcQk=
-206,15,3Vdxgb5fDmjpI1AwRUW2qtRPX+w=,cLH2rKOSfRWsva8uhHmDKSjtcQk=
-208,15,3Vdxgb5fDmjpI1AwRUW2qtRPX+w=,cLH2rKOSfRWsva8uhHmDKSjtcQk=
-204,0,3Vdxgb5fDmjpI1AwRUW2qtRPX+w=,cLH2rKOSfRWsva8uhHmDKSjtcQk=
-193,3,3Vdxgb5fDmjpI1AwRUW2qtRPX+w=,cLH2rKOSfRWsva8uhHmDKSjtcQk=
-207,15,3Vdxgb5fDmjpI1AwRUW2qtRPX+w=,cLH2rKOSfRWsva8uhHmDKSjtcQk=
-205,2,3Vdxgb5fDmjpI1AwRUW2qtRPX+w=,cLH2rKOSfRWsva8uhHmDKSjtcQk=
-193,14,3Vdxgb5fDmjpI1AwRUW2qtRPX+w=,cLH2rKOSfRWsva8uhHmDKSjtcQk=
-194,14,3Vdxgb5fDmjpI1AwRUW2qtRPX+w=,cLH2rKOSfRWsva8uhHmDKSjtcQk=
-195,14,3Vdxgb5fDmjpI1AwRUW2qtRPX+w=,cLH2rKOSfRWsva8uhHmDKSjtcQk=
-197,14,3Vdxgb5fDmjpI1AwRUW2qtRPX+w=,cLH2rKOSfRWsva8uhHmDKSjtcQk=
-196,14,3Vdxgb5fDmjpI1AwRUW2qtRPX+w=,cLH2rKOSfRWsva8uhHmDKSjtcQk=
-202,14,3Vdxgb5fDmjpI1AwRUW2qtRPX+w=,cLH2rKOSfRWsva8uhHmDKSjtcQk=
-202,1,3Vdxgb5fDmjpI1AwRUW2qtRPX+w=,cLH2rKOSfRWsva8uhHmDKSjtcQk=
-198,14,3Vdxgb5fDmjpI1AwRUW2qtRPX+w=,cLH2rKOSfRWsva8uhHmDKSjtcQk=
-208,4,3Vdxgb5fDmjpI1AwRUW2qtRPX+w=,cLH2rKOSfRWsva8uhHmDKSjtcQk=
-204,14,3Vdxgb5fDmjpI1AwRUW2qtRPX+w=,cLH2rKOSfRWsva8uhHmDKSjtcQk=
-201,2,3Vdxgb5fDmjpI1AwRUW2qtRPX+w=,cLH2rKOSfRWsva8uhHmDKSjtcQk=
-202,0,3Vdxgb5fDmjpI1AwRUW2qtRPX+w=,cLH2rKOSfRWsva8uhHmDKSjtcQk=
-205,14,3Vdxgb5fDmjpI1AwRUW2qtRPX+w=,cLH2rKOSfRWsva8uhHmDKSjtcQk=
-206,14,3Vdxgb5fDmjpI1AwRUW2qtRPX+w=,cLH2rKOSfRWsva8uhHmDKSjtcQk=
-203,14,3Vdxgb5fDmjpI1AwRUW2qtRPX+w=,cLH2rKOSfRWsva8uhHmDKSjtcQk=
-207,4,3Vdxgb5fDmjpI1AwRUW2qtRPX+w=,cLH2rKOSfRWsva8uhHmDKSjtcQk=
-207,14,3Vdxgb5fDmjpI1AwRUW2qtRPX+w=,cLH2rKOSfRWsva8uhHmDKSjtcQk=
-205,1,3Vdxgb5fDmjpI1AwRUW2qtRPX+w=,cLH2rKOSfRWsva8uhHmDKSjtcQk=
-206,4,3Vdxgb5fDmjpI1AwRUW2qtRPX+w=,cLH2rKOSfRWsva8uhHmDKSjtcQk=
-206,2,3Vdxgb5fDmjpI1AwRUW2qtRPX+w=,cLH2rKOSfRWsva8uhHmDKSjtcQk=
-208,14,3Vdxgb5fDmjpI1AwRUW2qtRPX+w=,cLH2rKOSfRWsva8uhHmDKSjtcQk=
-204,4,3Vdxgb5fDmjpI1AwRUW2qtRPX+w=,cLH2rKOSfRWsva8uhHmDKSjtcQk=
-205,4,3Vdxgb5fDmjpI1AwRUW2qtRPX+w=,cLH2rKOSfRWsva8uhHmDKSjtcQk=
-194,13,3Vdxgb5fDmjpI1AwRUW2qtRPX+w=,cLH2rKOSfRWsva8uhHmDKSjtcQk=
-197,13,3Vdxgb5fDmjpI1AwRUW2qtRPX+w=,cLH2rKOSfRWsva8uhHmDKSjtcQk=
-195,13,3Vdxgb5fDmjpI1AwRUW2qtRPX+w=,cLH2rKOSfRWsva8uhHmDKSjtcQk=
-196,13,3Vdxgb5fDmjpI1AwRUW2qtRPX+w=,cLH2rKOSfRWsva8uhHmDKSjtcQk=
-203,4,3Vdxgb5fDmjpI1AwRUW2qtRPX+w=,cLH2rKOSfRWsva8uhHmDKSjtcQk=
-202,4,3Vdxgb5fDmjpI1AwRUW2qtRPX+w=,cLH2rKOSfRWsva8uhHmDKSjtcQk=
-200,4,3Vdxgb5fDmjpI1AwRUW2qtRPX+w=,cLH2rKOSfRWsva8uhHmDKSjtcQk=
-199,4,3Vdxgb5fDmjpI1AwRUW2qtRPX+w=,cLH2rKOSfRWsva8uhHmDKSjtcQk=
-201,4,3Vdxgb5fDmjpI1AwRUW2qtRPX+w=,cLH2rKOSfRWsva8uhHmDKSjtcQk=
-198,4,3Vdxgb5fDmjpI1AwRUW2qtRPX+w=,cLH2rKOSfRWsva8uhHmDKSjtcQk=
-197,4,3Vdxgb5fDmjpI1AwRUW2qtRPX+w=,cLH2rKOSfRWsva8uhHmDKSjtcQk=
-203,13,3Vdxgb5fDmjpI1AwRUW2qtRPX+w=,cLH2rKOSfRWsva8uhHmDKSjtcQk=
-196,4,3Vdxgb5fDmjpI1AwRUW2qtRPX+w=,cLH2rKOSfRWsva8uhHmDKSjtcQk=
-195,4,3Vdxgb5fDmjpI1AwRUW2qtRPX+w=,cLH2rKOSfRWsva8uhHmDKSjtcQk=
-204,13,3Vdxgb5fDmjpI1AwRUW2qtRPX+w=,cLH2rKOSfRWsva8uhHmDKSjtcQk=
-205,13,3Vdxgb5fDmjpI1AwRUW2qtRPX+w=,cLH2rKOSfRWsva8uhHmDKSjtcQk=
-193,4,3Vdxgb5fDmjpI1AwRUW2qtRPX+w=,cLH2rKOSfRWsva8uhHmDKSjtcQk=
-194,4,3Vdxgb5fDmjpI1AwRUW2qtRPX+w=,cLH2rKOSfRWsva8uhHmDKSjtcQk=
-206,13,3Vdxgb5fDmjpI1AwRUW2qtRPX+w=,cLH2rKOSfRWsva8uhHmDKSjtcQk=
-207,13,3Vdxgb5fDmjpI1AwRUW2qtRPX+w=,cLH2rKOSfRWsva8uhHmDKSjtcQk=
-206,1,3Vdxgb5fDmjpI1AwRUW2qtRPX+w=,cLH2rKOSfRWsva8uhHmDKSjtcQk=
-201,1,3Vdxgb5fDmjpI1AwRUW2qtRPX+w=,cLH2rKOSfRWsva8uhHmDKSjtcQk=
-201,0,3Vdxgb5fDmjpI1AwRUW2qtRPX+w=,cLH2rKOSfRWsva8uhHmDKSjtcQk=
-208,5,3Vdxgb5fDmjpI1AwRUW2qtRPX+w=,cLH2rKOSfRWsva8uhHmDKSjtcQk=
-207,2,3Vdxgb5fDmjpI1AwRUW2qtRPX+w=,cLH2rKOSfRWsva8uhHmDKSjtcQk=
-194,12,3Vdxgb5fDmjpI1AwRUW2qtRPX+w=,cLH2rKOSfRWsva8uhHmDKSjtcQk=
-200,2,3Vdxgb5fDmjpI1AwRUW2qtRPX+w=,cLH2rKOSfRWsva8uhHmDKSjtcQk=
-207,5,3Vdxgb5fDmjpI1AwRUW2qtRPX+w=,cLH2rKOSfRWsva8uhHmDKSjtcQk=
-208,13,3Vdxgb5fDmjpI1AwRUW2qtRPX+w=,cLH2rKOSfRWsva8uhHmDKSjtcQk=
-195,12,3Vdxgb5fDmjpI1AwRUW2qtRPX+w=,cLH2rKOSfRWsva8uhHmDKSjtcQk=
-206,5,3Vdxgb5fDmjpI1AwRUW2qtRPX+w=,cLH2rKOSfRWsva8uhHmDKSjtcQk=
-205,5,3Vdxgb5fDmjpI1AwRUW2qtRPX+w=,cLH2rKOSfRWsva8uhHmDKSjtcQk=
-204,5,3Vdxgb5fDmjpI1AwRUW2qtRPX+w=,cLH2rKOSfRWsva8uhHmDKSjtcQk=
-203,5,3Vdxgb5fDmjpI1AwRUW2qtRPX+w=,cLH2rKOSfRWsva8uhHmDKSjtcQk=
-202,5,3Vdxgb5fDmjpI1AwRUW2qtRPX+w=,cLH2rKOSfRWsva8uhHmDKSjtcQk=
-201,5,3Vdxgb5fDmjpI1AwRUW2qtRPX+w=,cLH2rKOSfRWsva8uhHmDKSjtcQk=
-200,5,3Vdxgb5fDmjpI1AwRUW2qtRPX+w=,cLH2rKOSfRWsva8uhHmDKSjtcQk=
-199,5,3Vdxgb5fDmjpI1AwRUW2qtRPX+w=,cLH2rKOSfRWsva8uhHmDKSjtcQk=
-197,5,3Vdxgb5fDmjpI1AwRUW2qtRPX+w=,cLH2rKOSfRWsva8uhHmDKSjtcQk=
-198,5,3Vdxgb5fDmjpI1AwRUW2qtRPX+w=,cLH2rKOSfRWsva8uhHmDKSjtcQk=
-196,5,3Vdxgb5fDmjpI1AwRUW2qtRPX+w=,cLH2rKOSfRWsva8uhHmDKSjtcQk=
-195,5,3Vdxgb5fDmjpI1AwRUW2qtRPX+w=,cLH2rKOSfRWsva8uhHmDKSjtcQk=
-194,5,3Vdxgb5fDmjpI1AwRUW2qtRPX+w=,cLH2rKOSfRWsva8uhHmDKSjtcQk=
-200,1,3Vdxgb5fDmjpI1AwRUW2qtRPX+w=,cLH2rKOSfRWsva8uhHmDKSjtcQk=
-193,5,3Vdxgb5fDmjpI1AwRUW2qtRPX+w=,cLH2rKOSfRWsva8uhHmDKSjtcQk=
-200,0,3Vdxgb5fDmjpI1AwRUW2qtRPX+w=,cLH2rKOSfRWsva8uhHmDKSjtcQk=
-208,6,3Vdxgb5fDmjpI1AwRUW2qtRPX+w=,cLH2rKOSfRWsva8uhHmDKSjtcQk=
-199,2,3Vdxgb5fDmjpI1AwRUW2qtRPX+w=,cLH2rKOSfRWsva8uhHmDKSjtcQk=
-207,6,3Vdxgb5fDmjpI1AwRUW2qtRPX+w=,cLH2rKOSfRWsva8uhHmDKSjtcQk=
-206,6,3Vdxgb5fDmjpI1AwRUW2qtRPX+w=,cLH2rKOSfRWsva8uhHmDKSjtcQk=
-205,6,3Vdxgb5fDmjpI1AwRUW2qtRPX+w=,cLH2rKOSfRWsva8uhHmDKSjtcQk=
-203,6,3Vdxgb5fDmjpI1AwRUW2qtRPX+w=,cLH2rKOSfRWsva8uhHmDKSjtcQk=
-201,6,3Vdxgb5fDmjpI1AwRUW2qtRPX+w=,cLH2rKOSfRWsva8uhHmDKSjtcQk=
-200,6,3Vdxgb5fDmjpI1AwRUW2qtRPX+w=,cLH2rKOSfRWsva8uhHmDKSjtcQk=
-204,6,3Vdxgb5fDmjpI1AwRUW2qtRPX+w=,cLH2rKOSfRWsva8uhHmDKSjtcQk=
-198,6,3Vdxgb5fDmjpI1AwRUW2qtRPX+w=,cLH2rKOSfRWsva8uhHmDKSjtcQk=
-199,6,3Vdxgb5fDmjpI1AwRUW2qtRPX+w=,cLH2rKOSfRWsva8uhHmDKSjtcQk=
-202,6,3Vdxgb5fDmjpI1AwRUW2qtRPX+w=,cLH2rKOSfRWsva8uhHmDKSjtcQk=
-197,6,3Vdxgb5fDmjpI1AwRUW2qtRPX+w=,cLH2rKOSfRWsva8uhHmDKSjtcQk=
-196,6,3Vdxgb5fDmjpI1AwRUW2qtRPX+w=,cLH2rKOSfRWsva8uhHmDKSjtcQk=
-195,6,3Vdxgb5fDmjpI1AwRUW2qtRPX+w=,cLH2rKOSfRWsva8uhHmDKSjtcQk=
-194,6,3Vdxgb5fDmjpI1AwRUW2qtRPX+w=,cLH2rKOSfRWsva8uhHmDKSjtcQk=
-200,15,3Vdxgb5fDmjpI1AwRUW2qtRPX+w=,cLH2rKOSfRWsva8uhHmDKSjtcQk=
-193,6,3Vdxgb5fDmjpI1AwRUW2qtRPX+w=,cLH2rKOSfRWsva8uhHmDKSjtcQk=
-208,7,3Vdxgb5fDmjpI1AwRUW2qtRPX+w=,cLH2rKOSfRWsva8uhHmDKSjtcQk=
-198,2,3Vdxgb5fDmjpI1AwRUW2qtRPX+w=,cLH2rKOSfRWsva8uhHmDKSjtcQk=
-199,1,3Vdxgb5fDmjpI1AwRUW2qtRPX+w=,cLH2rKOSfRWsva8uhHmDKSjtcQk=
-199,0,3Vdxgb5fDmjpI1AwRUW2qtRPX+w=,cLH2rKOSfRWsva8uhHmDKSjtcQk=
-206,7,3Vdxgb5fDmjpI1AwRUW2qtRPX+w=,cLH2rKOSfRWsva8uhHmDKSjtcQk=
-204,7,3Vdxgb5fDmjpI1AwRUW2qtRPX+w=,cLH2rKOSfRWsva8uhHmDKSjtcQk=
-205,7,3Vdxgb5fDmjpI1AwRUW2qtRPX+w=,cLH2rKOSfRWsva8uhHmDKSjtcQk=
-207,7,3Vdxgb5fDmjpI1AwRUW2qtRPX+w=,cLH2rKOSfRWsva8uhHmDKSjtcQk=
-203,7,3Vdxgb5fDmjpI1AwRUW2qtRPX+w=,cLH2rKOSfRWsva8uhHmDKSjtcQk=
-201,7,3Vdxgb5fDmjpI1AwRUW2qtRPX+w=,cLH2rKOSfRWsva8uhHmDKSjtcQk=
-202,7,3Vdxgb5fDmjpI1AwRUW2qtRPX+w=,cLH2rKOSfRWsva8uhHmDKSjtcQk=
-200,7,3Vdxgb5fDmjpI1AwRUW2qtRPX+w=,cLH2rKOSfRWsva8uhHmDKSjtcQk=
-198,7,3Vdxgb5fDmjpI1AwRUW2qtRPX+w=,cLH2rKOSfRWsva8uhHmDKSjtcQk=
-199,7,3Vdxgb5fDmjpI1AwRUW2qtRPX+w=,cLH2rKOSfRWsva8uhHmDKSjtcQk=
-196,7,3Vdxgb5fDmjpI1AwRUW2qtRPX+w=,cLH2rKOSfRWsva8uhHmDKSjtcQk=
-197,7,3Vdxgb5fDmjpI1AwRUW2qtRPX+w=,cLH2rKOSfRWsva8uhHmDKSjtcQk=
-194,7,3Vdxgb5fDmjpI1AwRUW2qtRPX+w=,cLH2rKOSfRWsva8uhHmDKSjtcQk=
-198,1,3Vdxgb5fDmjpI1AwRUW2qtRPX+w=,cLH2rKOSfRWsva8uhHmDKSjtcQk=
-195,7,3Vdxgb5fDmjpI1AwRUW2qtRPX+w=,cLH2rKOSfRWsva8uhHmDKSjtcQk=
-196,12,3Vdxgb5fDmjpI1AwRUW2qtRPX+w=,cLH2rKOSfRWsva8uhHmDKSjtcQk=
-197,2,3Vdxgb5fDmjpI1AwRUW2qtRPX+w=,cLH2rKOSfRWsva8uhHmDKSjtcQk=
-208,8,3Vdxgb5fDmjpI1AwRUW2qtRPX+w=,cLH2rKOSfRWsva8uhHmDKSjtcQk=
-193,7,3Vdxgb5fDmjpI1AwRUW2qtRPX+w=,cLH2rKOSfRWsva8uhHmDKSjtcQk=
-206,8,3Vdxgb5fDmjpI1AwRUW2qtRPX+w=,cLH2rKOSfRWsva8uhHmDKSjtcQk=
-198,0,3Vdxgb5fDmjpI1AwRUW2qtRPX+w=,cLH2rKOSfRWsva8uhHmDKSjtcQk=
-205,8,3Vdxgb5fDmjpI1AwRUW2qtRPX+w=,cLH2rKOSfRWsva8uhHmDKSjtcQk=
-207,8,3Vdxgb5fDmjpI1AwRUW2qtRPX+w=,cLH2rKOSfRWsva8uhHmDKSjtcQk=
-204,8,3Vdxgb5fDmjpI1AwRUW2qtRPX+w=,cLH2rKOSfRWsva8uhHmDKSjtcQk=
-202,8,3Vdxgb5fDmjpI1AwRUW2qtRPX+w=,cLH2rKOSfRWsva8uhHmDKSjtcQk=
-203,8,3Vdxgb5fDmjpI1AwRUW2qtRPX+w=,cLH2rKOSfRWsva8uhHmDKSjtcQk=
-200,8,3Vdxgb5fDmjpI1AwRUW2qtRPX+w=,cLH2rKOSfRWsva8uhHmDKSjtcQk=
-201,8,3Vdxgb5fDmjpI1AwRUW2qtRPX+w=,cLH2rKOSfRWsva8uhHmDKSjtcQk=
-199,8,3Vdxgb5fDmjpI1AwRUW2qtRPX+w=,cLH2rKOSfRWsva8uhHmDKSjtcQk=
-198,8,3Vdxgb5fDmjpI1AwRUW2qtRPX+w=,cLH2rKOSfRWsva8uhHmDKSjtcQk=
-195,8,3Vdxgb5fDmjpI1AwRUW2qtRPX+w=,cLH2rKOSfRWsva8uhHmDKSjtcQk=
-197,8,3Vdxgb5fDmjpI1AwRUW2qtRPX+w=,cLH2rKOSfRWsva8uhHmDKSjtcQk=
-196,8,3Vdxgb5fDmjpI1AwRUW2qtRPX+w=,cLH2rKOSfRWsva8uhHmDKSjtcQk=
-197,12,3Vdxgb5fDmjpI1AwRUW2qtRPX+w=,cLH2rKOSfRWsva8uhHmDKSjtcQk=
-194,8,3Vdxgb5fDmjpI1AwRUW2qtRPX+w=,cLH2rKOSfRWsva8uhHmDKSjtcQk=
-197,1,3Vdxgb5fDmjpI1AwRUW2qtRPX+w=,cLH2rKOSfRWsva8uhHmDKSjtcQk=
-197,0,3Vdxgb5fDmjpI1AwRUW2qtRPX+w=,cLH2rKOSfRWsva8uhHmDKSjtcQk=
-196,2,3Vdxgb5fDmjpI1AwRUW2qtRPX+w=,cLH2rKOSfRWsva8uhHmDKSjtcQk=
-207,9,3Vdxgb5fDmjpI1AwRUW2qtRPX+w=,cLH2rKOSfRWsva8uhHmDKSjtcQk=
-206,9,3Vdxgb5fDmjpI1AwRUW2qtRPX+w=,cLH2rKOSfRWsva8uhHmDKSjtcQk=
-193,8,3Vdxgb5fDmjpI1AwRUW2qtRPX+w=,cLH2rKOSfRWsva8uhHmDKSjtcQk=
-205,9,3Vdxgb5fDmjpI1AwRUW2qtRPX+w=,cLH2rKOSfRWsva8uhHmDKSjtcQk=
-204,9,3Vdxgb5fDmjpI1AwRUW2qtRPX+w=,cLH2rKOSfRWsva8uhHmDKSjtcQk=
-208,9,3Vdxgb5fDmjpI1AwRUW2qtRPX+w=,cLH2rKOSfRWsva8uhHmDKSjtcQk=
-202,9,3Vdxgb5fDmjpI1AwRUW2qtRPX+w=,cLH2rKOSfRWsva8uhHmDKSjtcQk=
-201,9,3Vdxgb5fDmjpI1AwRUW2qtRPX+w=,cLH2rKOSfRWsva8uhHmDKSjtcQk=
-203,9,3Vdxgb5fDmjpI1AwRUW2qtRPX+w=,cLH2rKOSfRWsva8uhHmDKSjtcQk=
-199,9,3Vdxgb5fDmjpI1AwRUW2qtRPX+w=,cLH2rKOSfRWsva8uhHmDKSjtcQk=
-198,9,3Vdxgb5fDmjpI1AwRUW2qtRPX+w=,cLH2rKOSfRWsva8uhHmDKSjtcQk=
-197,9,3Vdxgb5fDmjpI1AwRUW2qtRPX+w=,cLH2rKOSfRWsva8uhHmDKSjtcQk=
-195,9,3Vdxgb5fDmjpI1AwRUW2qtRPX+w=,cLH2rKOSfRWsva8uhHmDKSjtcQk=
-193,9,3Vdxgb5fDmjpI1AwRUW2qtRPX+w=,cLH2rKOSfRWsva8uhHmDKSjtcQk=
-196,1,3Vdxgb5fDmjpI1AwRUW2qtRPX+w=,cLH2rKOSfRWsva8uhHmDKSjtcQk=
-196,9,3Vdxgb5fDmjpI1AwRUW2qtRPX+w=,cLH2rKOSfRWsva8uhHmDKSjtcQk=
-194,9,3Vdxgb5fDmjpI1AwRUW2qtRPX+w=,cLH2rKOSfRWsva8uhHmDKSjtcQk=
-200,9,3Vdxgb5fDmjpI1AwRUW2qtRPX+w=,cLH2rKOSfRWsva8uhHmDKSjtcQk=
-208,10,3Vdxgb5fDmjpI1AwRUW2qtRPX+w=,cLH2rKOSfRWsva8uhHmDKSjtcQk=
-206,10,3Vdxgb5fDmjpI1AwRUW2qtRPX+w=,cLH2rKOSfRWsva8uhHmDKSjtcQk=
-205,10,3Vdxgb5fDmjpI1AwRUW2qtRPX+w=,cLH2rKOSfRWsva8uhHmDKSjtcQk=
-195,2,3Vdxgb5fDmjpI1AwRUW2qtRPX+w=,cLH2rKOSfRWsva8uhHmDKSjtcQk=
-207,10,3Vdxgb5fDmjpI1AwRUW2qtRPX+w=,cLH2rKOSfRWsva8uhHmDKSjtcQk=
-203,10,3Vdxgb5fDmjpI1AwRUW2qtRPX+w=,cLH2rKOSfRWsva8uhHmDKSjtcQk=
-202,10,3Vdxgb5fDmjpI1AwRUW2qtRPX+w=,cLH2rKOSfRWsva8uhHmDKSjtcQk=
-196,0,3Vdxgb5fDmjpI1AwRUW2qtRPX+w=,cLH2rKOSfRWsva8uhHmDKSjtcQk=
-204,10,3Vdxgb5fDmjpI1AwRUW2qtRPX+w=,cLH2rKOSfRWsva8uhHmDKSjtcQk=
-204,12,3Vdxgb5fDmjpI1AwRUW2qtRPX+w=,cLH2rKOSfRWsva8uhHmDKSjtcQk=
-205,12,3Vdxgb5fDmjpI1AwRUW2qtRPX+w=,cLH2rKOSfRWsva8uhHmDKSjtcQk=
-207,12,3Vdxgb5fDmjpI1AwRUW2qtRPX+w=,cLH2rKOSfRWsva8uhHmDKSjtcQk=
-203,12,3Vdxgb5fDmjpI1AwRUW2qtRPX+w=,cLH2rKOSfRWsva8uhHmDKSjtcQk=
-206,12,3Vdxgb5fDmjpI1AwRUW2qtRPX+w=,cLH2rKOSfRWsva8uhHmDKSjtcQk=
-208,1,3Vdxgb5fDmjpI1AwRUW2qtRPX+w=,cLH2rKOSfRWsva8uhHmDKSjtcQk=
-208,12,3Vdxgb5fDmjpI1AwRUW2qtRPX+w=,cLH2rKOSfRWsva8uhHmDKSjtcQk=
-207,1,3Vdxgb5fDmjpI1AwRUW2qtRPX+w=,cLH2rKOSfRWsva8uhHmDKSjtcQk=
-206,0,3Vdxgb5fDmjpI1AwRUW2qtRPX+w=,cLH2rKOSfRWsva8uhHmDKSjtcQk=
-193,0,3Vdxgb5fDmjpI1AwRUW2qtRPX+w=,cLH2rKOSfRWsva8uhHmDKSjtcQk=
-208,3,3Vdxgb5fDmjpI1AwRUW2qtRPX+w=,cLH2rKOSfRWsva8uhHmDKSjtcQk=
-194,0,3Vdxgb5fDmjpI1AwRUW2qtRPX+w=,cLH2rKOSfRWsva8uhHmDKSjtcQk=
-193,1,3Vdxgb5fDmjpI1AwRUW2qtRPX+w=,cLH2rKOSfRWsva8uhHmDKSjtcQk=
-193,11,3Vdxgb5fDmjpI1AwRUW2qtRPX+w=,cLH2rKOSfRWsva8uhHmDKSjtcQk=
-194,11,3Vdxgb5fDmjpI1AwRUW2qtRPX+w=,cLH2rKOSfRWsva8uhHmDKSjtcQk=
-194,1,3Vdxgb5fDmjpI1AwRUW2qtRPX+w=,cLH2rKOSfRWsva8uhHmDKSjtcQk=
-193,2,3Vdxgb5fDmjpI1AwRUW2qtRPX+w=,cLH2rKOSfRWsva8uhHmDKSjtcQk=
-196,11,3Vdxgb5fDmjpI1AwRUW2qtRPX+w=,cLH2rKOSfRWsva8uhHmDKSjtcQk=
-208,2,3Vdxgb5fDmjpI1AwRUW2qtRPX+w=,cLH2rKOSfRWsva8uhHmDKSjtcQk=
-193,12,3Vdxgb5fDmjpI1AwRUW2qtRPX+w=,cLH2rKOSfRWsva8uhHmDKSjtcQk=
-193,13,3Vdxgb5fDmjpI1AwRUW2qtRPX+w=,cLH2rKOSfRWsva8uhHmDKSjtcQk=
-195,11,3Vdxgb5fDmjpI1AwRUW2qtRPX+w=,cLH2rKOSfRWsva8uhHmDKSjtcQk=
-202,13,3Vdxgb5fDmjpI1AwRUW2qtRPX+w=,cLH2rKOSfRWsva8uhHmDKSjtcQk=
-198,12,3Vdxgb5fDmjpI1AwRUW2qtRPX+w=,cLH2rKOSfRWsva8uhHmDKSjtcQk=
-197,11,3Vdxgb5fDmjpI1AwRUW2qtRPX+w=,cLH2rKOSfRWsva8uhHmDKSjtcQk=
-204,11,3Vdxgb5fDmjpI1AwRUW2qtRPX+w=,cLH2rKOSfRWsva8uhHmDKSjtcQk=
-201,10,3Vdxgb5fDmjpI1AwRUW2qtRPX+w=,cLH2rKOSfRWsva8uhHmDKSjtcQk=
-203,11,3Vdxgb5fDmjpI1AwRUW2qtRPX+w=,cLH2rKOSfRWsva8uhHmDKSjtcQk=
-205,11,3Vdxgb5fDmjpI1AwRUW2qtRPX+w=,cLH2rKOSfRWsva8uhHmDKSjtcQk=
-208,11,3Vdxgb5fDmjpI1AwRUW2qtRPX+w=,cLH2rKOSfRWsva8uhHmDKSjtcQk=
-195,0,3Vdxgb5fDmjpI1AwRUW2qtRPX+w=,cLH2rKOSfRWsva8uhHmDKSjtcQk=
-207,11,3Vdxgb5fDmjpI1AwRUW2qtRPX+w=,cLH2rKOSfRWsva8uhHmDKSjtcQk=
-206,11,3Vdxgb5fDmjpI1AwRUW2qtRPX+w=,cLH2rKOSfRWsva8uhHmDKSjtcQk=
-195,1,3Vdxgb5fDmjpI1AwRUW2qtRPX+w=,cLH2rKOSfRWsva8uhHmDKSjtcQk=
-195,10,3Vdxgb5fDmjpI1AwRUW2qtRPX+w=,cLH2rKOSfRWsva8uhHmDKSjtcQk=
-194,10,3Vdxgb5fDmjpI1AwRUW2qtRPX+w=,cLH2rKOSfRWsva8uhHmDKSjtcQk=
-194,2,3Vdxgb5fDmjpI1AwRUW2qtRPX+w=,cLH2rKOSfRWsva8uhHmDKSjtcQk=
-193,10,3Vdxgb5fDmjpI1AwRUW2qtRPX+w=,cLH2rKOSfRWsva8uhHmDKSjtcQk=
-196,10,3Vdxgb5fDmjpI1AwRUW2qtRPX+w=,cLH2rKOSfRWsva8uhHmDKSjtcQk=
-202,11,3Vdxgb5fDmjpI1AwRUW2qtRPX+w=,cLH2rKOSfRWsva8uhHmDKSjtcQk=
-201,13,3Vdxgb5fDmjpI1AwRUW2qtRPX+w=,cLH2rKOSfRWsva8uhHmDKSjtcQk=
-198,10,3Vdxgb5fDmjpI1AwRUW2qtRPX+w=,cLH2rKOSfRWsva8uhHmDKSjtcQk=
-202,12,3Vdxgb5fDmjpI1AwRUW2qtRPX+w=,cLH2rKOSfRWsva8uhHmDKSjtcQk=
-198,11,3Vdxgb5fDmjpI1AwRUW2qtRPX+w=,cLH2rKOSfRWsva8uhHmDKSjtcQk=
-200,10,3Vdxgb5fDmjpI1AwRUW2qtRPX+w=,cLH2rKOSfRWsva8uhHmDKSjtcQk=
-201,11,3Vdxgb5fDmjpI1AwRUW2qtRPX+w=,cLH2rKOSfRWsva8uhHmDKSjtcQk=
-201,12,3Vdxgb5fDmjpI1AwRUW2qtRPX+w=,cLH2rKOSfRWsva8uhHmDKSjtcQk=
-197,10,3Vdxgb5fDmjpI1AwRUW2qtRPX+w=,cLH2rKOSfRWsva8uhHmDKSjtcQk=
-201,14,3Vdxgb5fDmjpI1AwRUW2qtRPX+w=,cLH2rKOSfRWsva8uhHmDKSjtcQk=
-199,10,3Vdxgb5fDmjpI1AwRUW2qtRPX+w=,cLH2rKOSfRWsva8uhHmDKSjtcQk=
-200,11,3Vdxgb5fDmjpI1AwRUW2qtRPX+w=,cLH2rKOSfRWsva8uhHmDKSjtcQk=
-199,11,3Vdxgb5fDmjpI1AwRUW2qtRPX+w=,cLH2rKOSfRWsva8uhHmDKSjtcQk=
-200,12,3Vdxgb5fDmjpI1AwRUW2qtRPX+w=,cLH2rKOSfRWsva8uhHmDKSjtcQk=
-199,14,3Vdxgb5fDmjpI1AwRUW2qtRPX+w=,cLH2rKOSfRWsva8uhHmDKSjtcQk=
-198,13,3Vdxgb5fDmjpI1AwRUW2qtRPX+w=,cLH2rKOSfRWsva8uhHmDKSjtcQk=
-200,14,3Vdxgb5fDmjpI1AwRUW2qtRPX+w=,cLH2rKOSfRWsva8uhHmDKSjtcQk=
-200,13,3Vdxgb5fDmjpI1AwRUW2qtRPX+w=,cLH2rKOSfRWsva8uhHmDKSjtcQk=
-199,12,3Vdxgb5fDmjpI1AwRUW2qtRPX+w=,cLH2rKOSfRWsva8uhHmDKSjtcQk=
-199,13,3Vdxgb5fDmjpI1AwRUW2qtRPX+w=,cLH2rKOSfRWsva8uhHmDKSjtcQk=
