-100,-1,HPJk6Zo7geil9NIu+njuzZGdzEA=,QB3EOZi490pLgd1kKy9S9xAwJFc=
-101,-1,HPJk6Zo7geil9NIu+njuzZGdzEA=,QB3EOZi490pLgd1kKy9S9xAwJFc=
-98,-6,HPJk6Zo7geil9NIu+njuzZGdzEA=,QB3EOZi490pLgd1kKy9S9xAwJFc=
-99,-6,HPJk6Zo7geil9NIu+njuzZGdzEA=,QB3EOZi490pLgd1kKy9S9xAwJFc=
-101,-3,HPJk6Zo7geil9NIu+njuzZGdzEA=,QB3EOZi490pLgd1kKy9S9xAwJFc=
-98,-7,HPJk6Zo7geil9NIu+njuzZGdzEA=,QB3EOZi490pLgd1kKy9S9xAwJFc=
-99,-7,HPJk6Zo7geil9NIu+njuzZGdzEA=,QB3EOZi490pLgd1kKy9S9xAwJFc=
-100,-6,HPJk6Zo7geil9NIu+njuzZGdzEA=,QB3EOZi490pLgd1kKy9S9xAwJFc=
-101,-2,HPJk6Zo7geil9NIu+njuzZGdzEA=,QB3EOZi490pLgd1kKy9S9xAwJFc=
-100,-7,HPJk6Zo7geil9NIu+njuzZGdzEA=,QB3EOZi490pLgd1kKy9S9xAwJFc=
-103,-4,HPJk6Zo7geil9NIu+njuzZGdzEA=,QB3EOZi490pLgd1kKy9S9xAwJFc=
-104,-4,HPJk6Zo7geil9NIu+njuzZGdzEA=,QB3EOZi490pLgd1kKy9S9xAwJFc=
-102,-1,HPJk6Zo7geil9NIu+njuzZGdzEA=,QB3EOZi490pLgd1kKy9S9xAwJFc=
-101,-6,HPJk6Zo7geil9NIu+njuzZGdzEA=,QB3EOZi490pLgd1kKy9S9xAwJFc=
-101,-7,HPJk6Zo7geil9NIu+njuzZGdzEA=,QB3EOZi490pLgd1kKy9S9xAwJFc=
-102,-6,HPJk6Zo7geil9NIu+njuzZGdzEA=,QB3EOZi490pLgd1kKy9S9xAwJFc=
-102,-3,HPJk6Zo7geil9NIu+njuzZGdzEA=,QB3EOZi490pLgd1kKy9S9xAwJFc=
-103,-3,HPJk6Zo7geil9NIu+njuzZGdzEA=,QB3EOZi490pLgd1kKy9S9xAwJFc=
-102,-2,HPJk6Zo7geil9NIu+njuzZGdzEA=,QB3EOZi490pLgd1kKy9S9xAwJFc=
-104,-3,HPJk6Zo7geil9NIu+njuzZGdzEA=,QB3EOZi490pLgd1kKy9S9xAwJFc=
-99,-4,HPJk6Zo7geil9NIu+njuzZGdzEA=,QB3EOZi490pLgd1kKy9S9xAwJFc=
-103,-2,HPJk6Zo7geil9NIu+njuzZGdzEA=,QB3EOZi490pLgd1kKy9S9xAwJFc=
-98,-4,HPJk6Zo7geil9NIu+njuzZGdzEA=,QB3EOZi490pLgd1kKy9S9xAwJFc=
-100,-4,HPJk6Zo7geil9NIu+njuzZGdzEA=,QB3EOZi490pLgd1kKy9S9xAwJFc=
-97,-5,HPJk6Zo7geil9NIu+njuzZGdzEA=,QB3EOZi490pLgd1kKy9S9xAwJFc=
-102,-7,HPJk6Zo7geil9NIu+njuzZGdzEA=,QB3EOZi490pLgd1kKy9S9xAwJFc=
-98,-5,HPJk6Zo7geil9NIu+njuzZGdzEA=,QB3EOZi490pLgd1kKy9S9xAwJFc=
-99,-5,HPJk6Zo7geil9NIu+njuzZGdzEA=,QB3EOZi490pLgd1kKy9S9xAwJFc=
-100,-5,HPJk6Zo7geil9NIu+njuzZGdzEA=,QB3EOZi490pLgd1kKy9S9xAwJFc=
-101,-4,HPJk6Zo7geil9NIu+njuzZGdzEA=,QB3EOZi490pLgd1kKy9S9xAwJFc=
-101,-5,HPJk6Zo7geil9NIu+njuzZGdzEA=,QB3EOZi490pLgd1kKy9S9xAwJFc=
-102,-5,HPJk6Zo7geil9NIu+njuzZGdzEA=,QB3EOZi490pLgd1kKy9S9xAwJFc=
-103,-5,HPJk6Zo7geil9NIu+njuzZGdzEA=,QB3EOZi490pLgd1kKy9S9xAwJFc=
-103,-1,HPJk6Zo7geil9NIu+njuzZGdzEA=,QB3EOZi490pLgd1kKy9S9xAwJFc=
-104,-5,HPJk6Zo7geil9NIu+njuzZGdzEA=,QB3EOZi490pLgd1kKy9S9xAwJFc=
-103,-6,HPJk6Zo7geil9NIu+njuzZGdzEA=,QB3EOZi490pLgd1kKy9S9xAwJFc=
-98,-2,HPJk6Zo7geil9NIu+njuzZGdzEA=,QB3EOZi490pLgd1kKy9S9xAwJFc=
-97,-2,HPJk6Zo7geil9NIu+njuzZGdzEA=,QB3EOZi490pLgd1kKy9S9xAwJFc=
-99,-2,HPJk6Zo7geil9NIu+njuzZGdzEA=,QB3EOZi490pLgd1kKy9S9xAwJFc=
-100,-2,HPJk6Zo7geil9NIu+njuzZGdzEA=,QB3EOZi490pLgd1kKy9S9xAwJFc=
-103,-7,HPJk6Zo7geil9NIu+njuzZGdzEA=,QB3EOZi490pLgd1kKy9S9xAwJFc=
-104,-2,HPJk6Zo7geil9NIu+njuzZGdzEA=,QB3EOZi490pLgd1kKy9S9xAwJFc=
-104,-7,HPJk6Zo7geil9NIu+njuzZGdzEA=,QB3EOZi490pLgd1kKy9S9xAwJFc=
-98,-3,HPJk6Zo7geil9NIu+njuzZGdzEA=,QB3EOZi490pLgd1kKy9S9xAwJFc=
-99,-3,HPJk6Zo7geil9NIu+njuzZGdzEA=,QB3EOZi490pLgd1kKy9S9xAwJFc=
-98,-1,HPJk6Zo7geil9NIu+njuzZGdzEA=,QB3EOZi490pLgd1kKy9S9xAwJFc=
-99,-1,HPJk6Zo7geil9NIu+njuzZGdzEA=,QB3EOZi490pLgd1kKy9S9xAwJFc=
-104,-6,HPJk6Zo7geil9NIu+njuzZGdzEA=,QB3EOZi490pLgd1kKy9S9xAwJFc=
-102,-4,HPJk6Zo7geil9NIu+njuzZGdzEA=,QB3EOZi490pLgd1kKy9S9xAwJFc=
-100,-3,HPJk6Zo7geil9NIu+njuzZGdzEA=,QB3EOZi490pLgd1kKy9S9xAwJFc=
-97,-11,HPJk6Zo7geil9NIu+njuzZGdzEA=,kfxI00OdHPlCBBQJV0hf5GbDrAc=
-104,-10,HPJk6Zo7geil9NIu+njuzZGdzEA=,kfxI00OdHPlCBBQJV0hf5GbDrAc=
-103,-10,HPJk6Zo7geil9NIu+njuzZGdzEA=,kfxI00OdHPlCBBQJV0hf5GbDrAc=
-102,-10,HPJk6Zo7geil9NIu+njuzZGdzEA=,kfxI00OdHPlCBBQJV0hf5GbDrAc=
-101,-10,HPJk6Zo7geil9NIu+njuzZGdzEA=,kfxI00OdHPlCBBQJV0hf5GbDrAc=
-100,-10,HPJk6Zo7geil9NIu+njuzZGdzEA=,kfxI00OdHPlCBBQJV0hf5GbDrAc=
-98,-10,HPJk6Zo7geil9NIu+njuzZGdzEA=,kfxI00OdHPlCBBQJV0hf5GbDrAc=
-99,-10,HPJk6Zo7geil9NIu+njuzZGdzEA=,kfxI00OdHPlCBBQJV0hf5GbDrAc=
-104,-9,HPJk6Zo7geil9NIu+njuzZGdzEA=,kfxI00OdHPlCBBQJV0hf5GbDrAc=
-103,-9,HPJk6Zo7geil9NIu+njuzZGdzEA=,kfxI00OdHPlCBBQJV0hf5GbDrAc=
-101,-9,HPJk6Zo7geil9NIu+njuzZGdzEA=,kfxI00OdHPlCBBQJV0hf5GbDrAc=
-100,-9,HPJk6Zo7geil9NIu+njuzZGdzEA=,kfxI00OdHPlCBBQJV0hf5GbDrAc=
-97,-10,HPJk6Zo7geil9NIu+njuzZGdzEA=,kfxI00OdHPlCBBQJV0hf5GbDrAc=
-99,-11,HPJk6Zo7geil9NIu+njuzZGdzEA=,kfxI00OdHPlCBBQJV0hf5GbDrAc=
-99,-9,HPJk6Zo7geil9NIu+njuzZGdzEA=,kfxI00OdHPlCBBQJV0hf5GbDrAc=
-102,-9,HPJk6Zo7geil9NIu+njuzZGdzEA=,kfxI00OdHPlCBBQJV0hf5GbDrAc=
-99,-8,HPJk6Zo7geil9NIu+njuzZGdzEA=,QB3EOZi490pLgd1kKy9S9xAwJFc=
-100,-11,HPJk6Zo7geil9NIu+njuzZGdzEA=,kfxI00OdHPlCBBQJV0hf5GbDrAc=
-102,-11,HPJk6Zo7geil9NIu+njuzZGdzEA=,kfxI00OdHPlCBBQJV0hf5GbDrAc=
-101,-11,HPJk6Zo7geil9NIu+njuzZGdzEA=,kfxI00OdHPlCBBQJV0hf5GbDrAc=
-104,-15,HPJk6Zo7geil9NIu+njuzZGdzEA=,kfxI00OdHPlCBBQJV0hf5GbDrAc=
-104,-11,HPJk6Zo7geil9NIu+njuzZGdzEA=,kfxI00OdHPlCBBQJV0hf5GbDrAc=
-103,-11,HPJk6Zo7geil9NIu+njuzZGdzEA=,kfxI00OdHPlCBBQJV0hf5GbDrAc=
-101,-8,HPJk6Zo7geil9NIu+njuzZGdzEA=,QB3EOZi490pLgd1kKy9S9xAwJFc=
-97,-12,HPJk6Zo7geil9NIu+njuzZGdzEA=,kfxI00OdHPlCBBQJV0hf5GbDrAc=
-100,-8,HPJk6Zo7geil9NIu+njuzZGdzEA=,QB3EOZi490pLgd1kKy9S9xAwJFc=
-103,-12,HPJk6Zo7geil9NIu+njuzZGdzEA=,kfxI00OdHPlCBBQJV0hf5GbDrAc=
-98,-12,HPJk6Zo7geil9NIu+njuzZGdzEA=,kfxI00OdHPlCBBQJV0hf5GbDrAc=
-104,-12,HPJk6Zo7geil9NIu+njuzZGdzEA=,kfxI00OdHPlCBBQJV0hf5GbDrAc=
-97,-13,HPJk6Zo7geil9NIu+njuzZGdzEA=,kfxI00OdHPlCBBQJV0hf5GbDrAc=
-98,-13,HPJk6Zo7geil9NIu+njuzZGdzEA=,kfxI00OdHPlCBBQJV0hf5GbDrAc=
-103,-13,HPJk6Zo7geil9NIu+njuzZGdzEA=,kfxI00OdHPlCBBQJV0hf5GbDrAc=
-97,-14,HPJk6Zo7geil9NIu+njuzZGdzEA=,kfxI00OdHPlCBBQJV0hf5GbDrAc=
-104,-13,HPJk6Zo7geil9NIu+njuzZGdzEA=,kfxI00OdHPlCBBQJV0hf5GbDrAc=
-100,-14,HPJk6Zo7geil9NIu+njuzZGdzEA=,kfxI00OdHPlCBBQJV0hf5GbDrAc=
-98,-14,HPJk6Zo7geil9NIu+njuzZGdzEA=,kfxI00OdHPlCBBQJV0hf5GbDrAc=
-101,-14,HPJk6Zo7geil9NIu+njuzZGdzEA=,kfxI00OdHPlCBBQJV0hf5GbDrAc=
-99,-14,HPJk6Zo7geil9NIu+njuzZGdzEA=,kfxI00OdHPlCBBQJV0hf5GbDrAc=
-103,-14,HPJk6Zo7geil9NIu+njuzZGdzEA=,kfxI00OdHPlCBBQJV0hf5GbDrAc=
-102,-8,HPJk6Zo7geil9NIu+njuzZGdzEA=,QB3EOZi490pLgd1kKy9S9xAwJFc=
-104,-8,HPJk6Zo7geil9NIu+njuzZGdzEA=,QB3EOZi490pLgd1kKy9S9xAwJFc=
-103,-8,HPJk6Zo7geil9NIu+njuzZGdzEA=,QB3EOZi490pLgd1kKy9S9xAwJFc=
-100,-15,HPJk6Zo7geil9NIu+njuzZGdzEA=,kfxI00OdHPlCBBQJV0hf5GbDrAc=
-104,-14,HPJk6Zo7geil9NIu+njuzZGdzEA=,kfxI00OdHPlCBBQJV0hf5GbDrAc=
-99,-15,HPJk6Zo7geil9NIu+njuzZGdzEA=,kfxI00OdHPlCBBQJV0hf5GbDrAc=
-101,-15,HPJk6Zo7geil9NIu+njuzZGdzEA=,kfxI00OdHPlCBBQJV0hf5GbDrAc=
-104,-1,HPJk6Zo7geil9NIu+njuzZGdzEA=,QB3EOZi490pLgd1kKy9S9xAwJFc=
-97,-1,HPJk6Zo7geil9NIu+njuzZGdzEA=,QB3EOZi490pLgd1kKy9S9xAwJFc=
-102,-12,HPJk6Zo7geil9NIu+njuzZGdzEA=,kfxI00OdHPlCBBQJV0hf5GbDrAc=
-102,-15,HPJk6Zo7geil9NIu+njuzZGdzEA=,kfxI00OdHPlCBBQJV0hf5GbDrAc=
-98,-11,HPJk6Zo7geil9NIu+njuzZGdzEA=,kfxI00OdHPlCBBQJV0hf5GbDrAc=
-103,-16,HPJk6Zo7geil9NIu+njuzZGdzEA=,kfxI00OdHPlCBBQJV0hf5GbDrAc=
-100,-16,HPJk6Zo7geil9NIu+njuzZGdzEA=,kfxI00OdHPlCBBQJV0hf5GbDrAc=
-101,-16,HPJk6Zo7geil9NIu+njuzZGdzEA=,kfxI00OdHPlCBBQJV0hf5GbDrAc=
-99,-13,HPJk6Zo7geil9NIu+njuzZGdzEA=,kfxI00OdHPlCBBQJV0hf5GbDrAc=
-97,-16,HPJk6Zo7geil9NIu+njuzZGdzEA=,kfxI00OdHPlCBBQJV0hf5GbDrAc=
-101,-12,HPJk6Zo7geil9NIu+njuzZGdzEA=,kfxI00OdHPlCBBQJV0hf5GbDrAc=
-97,-9,HPJk6Zo7geil9NIu+njuzZGdzEA=,kfxI00OdHPlCBBQJV0hf5GbDrAc=
-99,-16,HPJk6Zo7geil9NIu+njuzZGdzEA=,kfxI00OdHPlCBBQJV0hf5GbDrAc=
-103,-15,HPJk6Zo7geil9NIu+njuzZGdzEA=,kfxI00OdHPlCBBQJV0hf5GbDrAc=
-102,-16,HPJk6Zo7geil9NIu+njuzZGdzEA=,kfxI00OdHPlCBBQJV0hf5GbDrAc=
-97,-3,HPJk6Zo7geil9NIu+njuzZGdzEA=,QB3EOZi490pLgd1kKy9S9xAwJFc=
-100,-12,HPJk6Zo7geil9NIu+njuzZGdzEA=,kfxI00OdHPlCBBQJV0hf5GbDrAc=
-98,-16,HPJk6Zo7geil9NIu+njuzZGdzEA=,kfxI00OdHPlCBBQJV0hf5GbDrAc=
-99,-12,HPJk6Zo7geil9NIu+njuzZGdzEA=,kfxI00OdHPlCBBQJV0hf5GbDrAc=
-97,-6,HPJk6Zo7geil9NIu+njuzZGdzEA=,QB3EOZi490pLgd1kKy9S9xAwJFc=
-97,-15,HPJk6Zo7geil9NIu+njuzZGdzEA=,kfxI00OdHPlCBBQJV0hf5GbDrAc=
-98,-8,HPJk6Zo7geil9NIu+njuzZGdzEA=,QB3EOZi490pLgd1kKy9S9xAwJFc=
-97,-7,HPJk6Zo7geil9NIu+njuzZGdzEA=,QB3EOZi490pLgd1kKy9S9xAwJFc=
-98,-15,HPJk6Zo7geil9NIu+njuzZGdzEA=,kfxI00OdHPlCBBQJV0hf5GbDrAc=
-104,-16,HPJk6Zo7geil9NIu+njuzZGdzEA=,kfxI00OdHPlCBBQJV0hf5GbDrAc=
-98,-9,HPJk6Zo7geil9NIu+njuzZGdzEA=,kfxI00OdHPlCBBQJV0hf5GbDrAc=
-97,-8,HPJk6Zo7geil9NIu+njuzZGdzEA=,QB3EOZi490pLgd1kKy9S9xAwJFc=
-97,-4,HPJk6Zo7geil9NIu+njuzZGdzEA=,QB3EOZi490pLgd1kKy9S9xAwJFc=
-102,-13,HPJk6Zo7geil9NIu+njuzZGdzEA=,kfxI00OdHPlCBBQJV0hf5GbDrAc=
-102,-14,HPJk6Zo7geil9NIu+njuzZGdzEA=,kfxI00OdHPlCBBQJV0hf5GbDrAc=
-101,-13,HPJk6Zo7geil9NIu+njuzZGdzEA=,kfxI00OdHPlCBBQJV0hf5GbDrAc=
-100,-13,HPJk6Zo7geil9NIu+njuzZGdzEA=,kfxI00OdHPlCBBQJV0hf5GbDrAc=
-111,-17,HPJk6Zo7geil9NIu+njuzZGdzEA=,uZ9LcPbuwRYPqQJOC3cReueKIAc=
-106,-18,HPJk6Zo7geil9NIu+njuzZGdzEA=,uZ9LcPbuwRYPqQJOC3cReueKIAc=
-108,-18,HPJk6Zo7geil9NIu+njuzZGdzEA=,uZ9LcPbuwRYPqQJOC3cReueKIAc=
-107,-18,HPJk6Zo7geil9NIu+njuzZGdzEA=,uZ9LcPbuwRYPqQJOC3cReueKIAc=
-110,-18,HPJk6Zo7geil9NIu+njuzZGdzEA=,uZ9LcPbuwRYPqQJOC3cReueKIAc=
-109,-18,HPJk6Zo7geil9NIu+njuzZGdzEA=,uZ9LcPbuwRYPqQJOC3cReueKIAc=
-111,-18,HPJk6Zo7geil9NIu+njuzZGdzEA=,uZ9LcPbuwRYPqQJOC3cReueKIAc=
-112,-18,HPJk6Zo7geil9NIu+njuzZGdzEA=,uZ9LcPbuwRYPqQJOC3cReueKIAc=
-106,-19,HPJk6Zo7geil9NIu+njuzZGdzEA=,uZ9LcPbuwRYPqQJOC3cReueKIAc=
-107,-19,HPJk6Zo7geil9NIu+njuzZGdzEA=,uZ9LcPbuwRYPqQJOC3cReueKIAc=
-107,-22,HPJk6Zo7geil9NIu+njuzZGdzEA=,uZ9LcPbuwRYPqQJOC3cReueKIAc=
-108,-19,HPJk6Zo7geil9NIu+njuzZGdzEA=,uZ9LcPbuwRYPqQJOC3cReueKIAc=
-108,-22,HPJk6Zo7geil9NIu+njuzZGdzEA=,uZ9LcPbuwRYPqQJOC3cReueKIAc=
-109,-19,HPJk6Zo7geil9NIu+njuzZGdzEA=,uZ9LcPbuwRYPqQJOC3cReueKIAc=
-109,-22,HPJk6Zo7geil9NIu+njuzZGdzEA=,uZ9LcPbuwRYPqQJOC3cReueKIAc=
-110,-19,HPJk6Zo7geil9NIu+njuzZGdzEA=,uZ9LcPbuwRYPqQJOC3cReueKIAc=
-111,-19,HPJk6Zo7geil9NIu+njuzZGdzEA=,uZ9LcPbuwRYPqQJOC3cReueKIAc=
-110,-22,HPJk6Zo7geil9NIu+njuzZGdzEA=,uZ9LcPbuwRYPqQJOC3cReueKIAc=
-112,-19,HPJk6Zo7geil9NIu+njuzZGdzEA=,uZ9LcPbuwRYPqQJOC3cReueKIAc=
-106,-20,HPJk6Zo7geil9NIu+njuzZGdzEA=,uZ9LcPbuwRYPqQJOC3cReueKIAc=
-112,-22,HPJk6Zo7geil9NIu+njuzZGdzEA=,uZ9LcPbuwRYPqQJOC3cReueKIAc=
-111,-22,HPJk6Zo7geil9NIu+njuzZGdzEA=,uZ9LcPbuwRYPqQJOC3cReueKIAc=
-107,-20,HPJk6Zo7geil9NIu+njuzZGdzEA=,uZ9LcPbuwRYPqQJOC3cReueKIAc=
-108,-20,HPJk6Zo7geil9NIu+njuzZGdzEA=,uZ9LcPbuwRYPqQJOC3cReueKIAc=
-107,-23,HPJk6Zo7geil9NIu+njuzZGdzEA=,uZ9LcPbuwRYPqQJOC3cReueKIAc=
-106,-23,HPJk6Zo7geil9NIu+njuzZGdzEA=,uZ9LcPbuwRYPqQJOC3cReueKIAc=
-108,-23,HPJk6Zo7geil9NIu+njuzZGdzEA=,uZ9LcPbuwRYPqQJOC3cReueKIAc=
-109,-23,HPJk6Zo7geil9NIu+njuzZGdzEA=,uZ9LcPbuwRYPqQJOC3cReueKIAc=
-110,-23,HPJk6Zo7geil9NIu+njuzZGdzEA=,uZ9LcPbuwRYPqQJOC3cReueKIAc=
-109,-20,HPJk6Zo7geil9NIu+njuzZGdzEA=,uZ9LcPbuwRYPqQJOC3cReueKIAc=
-110,-20,HPJk6Zo7geil9NIu+njuzZGdzEA=,uZ9LcPbuwRYPqQJOC3cReueKIAc=
-111,-20,HPJk6Zo7geil9NIu+njuzZGdzEA=,uZ9LcPbuwRYPqQJOC3cReueKIAc=
-111,-23,HPJk6Zo7geil9NIu+njuzZGdzEA=,uZ9LcPbuwRYPqQJOC3cReueKIAc=
-112,-23,HPJk6Zo7geil9NIu+njuzZGdzEA=,uZ9LcPbuwRYPqQJOC3cReueKIAc=
-112,-20,HPJk6Zo7geil9NIu+njuzZGdzEA=,uZ9LcPbuwRYPqQJOC3cReueKIAc=
-106,-21,HPJk6Zo7geil9NIu+njuzZGdzEA=,uZ9LcPbuwRYPqQJOC3cReueKIAc=
-107,-21,HPJk6Zo7geil9NIu+njuzZGdzEA=,uZ9LcPbuwRYPqQJOC3cReueKIAc=
-109,-21,HPJk6Zo7geil9NIu+njuzZGdzEA=,uZ9LcPbuwRYPqQJOC3cReueKIAc=
-108,-21,HPJk6Zo7geil9NIu+njuzZGdzEA=,uZ9LcPbuwRYPqQJOC3cReueKIAc=
-110,-21,HPJk6Zo7geil9NIu+njuzZGdzEA=,uZ9LcPbuwRYPqQJOC3cReueKIAc=
-106,-17,HPJk6Zo7geil9NIu+njuzZGdzEA=,uZ9LcPbuwRYPqQJOC3cReueKIAc=
-111,-21,HPJk6Zo7geil9NIu+njuzZGdzEA=,uZ9LcPbuwRYPqQJOC3cReueKIAc=
-107,-17,HPJk6Zo7geil9NIu+njuzZGdzEA=,uZ9LcPbuwRYPqQJOC3cReueKIAc=
-112,-21,HPJk6Zo7geil9NIu+njuzZGdzEA=,uZ9LcPbuwRYPqQJOC3cReueKIAc=
-108,-17,HPJk6Zo7geil9NIu+njuzZGdzEA=,uZ9LcPbuwRYPqQJOC3cReueKIAc=
-109,-17,HPJk6Zo7geil9NIu+njuzZGdzEA=,uZ9LcPbuwRYPqQJOC3cReueKIAc=
-110,-17,HPJk6Zo7geil9NIu+njuzZGdzEA=,uZ9LcPbuwRYPqQJOC3cReueKIAc=
-112,-17,HPJk6Zo7geil9NIu+njuzZGdzEA=,uZ9LcPbuwRYPqQJOC3cReueKIAc=
-112,-26,HPJk6Zo7geil9NIu+njuzZGdzEA=,ersnvcppxOg8GNbkK9J4p4m1+0Q=
-110,-26,HPJk6Zo7geil9NIu+njuzZGdzEA=,ersnvcppxOg8GNbkK9J4p4m1+0Q=
-111,-26,HPJk6Zo7geil9NIu+njuzZGdzEA=,ersnvcppxOg8GNbkK9J4p4m1+0Q=
-111,-32,HPJk6Zo7geil9NIu+njuzZGdzEA=,ersnvcppxOg8GNbkK9J4p4m1+0Q=
-112,-32,HPJk6Zo7geil9NIu+njuzZGdzEA=,ersnvcppxOg8GNbkK9J4p4m1+0Q=
-109,-32,HPJk6Zo7geil9NIu+njuzZGdzEA=,ersnvcppxOg8GNbkK9J4p4m1+0Q=
-110,-32,HPJk6Zo7geil9NIu+njuzZGdzEA=,ersnvcppxOg8GNbkK9J4p4m1+0Q=
-109,-26,HPJk6Zo7geil9NIu+njuzZGdzEA=,ersnvcppxOg8GNbkK9J4p4m1+0Q=
-106,-32,HPJk6Zo7geil9NIu+njuzZGdzEA=,ersnvcppxOg8GNbkK9J4p4m1+0Q=
-107,-32,HPJk6Zo7geil9NIu+njuzZGdzEA=,ersnvcppxOg8GNbkK9J4p4m1+0Q=
-105,-32,HPJk6Zo7geil9NIu+njuzZGdzEA=,ersnvcppxOg8GNbkK9J4p4m1+0Q=
-112,-31,HPJk6Zo7geil9NIu+njuzZGdzEA=,ersnvcppxOg8GNbkK9J4p4m1+0Q=
-108,-26,HPJk6Zo7geil9NIu+njuzZGdzEA=,ersnvcppxOg8GNbkK9J4p4m1+0Q=
-107,-26,HPJk6Zo7geil9NIu+njuzZGdzEA=,ersnvcppxOg8GNbkK9J4p4m1+0Q=
-106,-26,HPJk6Zo7geil9NIu+njuzZGdzEA=,ersnvcppxOg8GNbkK9J4p4m1+0Q=
-111,-31,HPJk6Zo7geil9NIu+njuzZGdzEA=,ersnvcppxOg8GNbkK9J4p4m1+0Q=
-110,-31,HPJk6Zo7geil9NIu+njuzZGdzEA=,ersnvcppxOg8GNbkK9J4p4m1+0Q=
-112,-25,HPJk6Zo7geil9NIu+njuzZGdzEA=,ersnvcppxOg8GNbkK9J4p4m1+0Q=
-111,-25,HPJk6Zo7geil9NIu+njuzZGdzEA=,ersnvcppxOg8GNbkK9J4p4m1+0Q=
-110,-25,HPJk6Zo7geil9NIu+njuzZGdzEA=,ersnvcppxOg8GNbkK9J4p4m1+0Q=
-109,-25,HPJk6Zo7geil9NIu+njuzZGdzEA=,ersnvcppxOg8GNbkK9J4p4m1+0Q=
-108,-25,HPJk6Zo7geil9NIu+njuzZGdzEA=,ersnvcppxOg8GNbkK9J4p4m1+0Q=
-107,-31,HPJk6Zo7geil9NIu+njuzZGdzEA=,ersnvcppxOg8GNbkK9J4p4m1+0Q=
-106,-31,HPJk6Zo7geil9NIu+njuzZGdzEA=,ersnvcppxOg8GNbkK9J4p4m1+0Q=
-107,-25,HPJk6Zo7geil9NIu+njuzZGdzEA=,ersnvcppxOg8GNbkK9J4p4m1+0Q=
-105,-31,HPJk6Zo7geil9NIu+njuzZGdzEA=,ersnvcppxOg8GNbkK9J4p4m1+0Q=
-112,-30,HPJk6Zo7geil9NIu+njuzZGdzEA=,ersnvcppxOg8GNbkK9J4p4m1+0Q=
-109,-27,HPJk6Zo7geil9NIu+njuzZGdzEA=,ersnvcppxOg8GNbkK9J4p4m1+0Q=
-106,-25,HPJk6Zo7geil9NIu+njuzZGdzEA=,ersnvcppxOg8GNbkK9J4p4m1+0Q=
-108,-27,HPJk6Zo7geil9NIu+njuzZGdzEA=,ersnvcppxOg8GNbkK9J4p4m1+0Q=
-112,-24,HPJk6Zo7geil9NIu+njuzZGdzEA=,uZ9LcPbuwRYPqQJOC3cReueKIAc=
-110,-24,HPJk6Zo7geil9NIu+njuzZGdzEA=,uZ9LcPbuwRYPqQJOC3cReueKIAc=
-111,-24,HPJk6Zo7geil9NIu+njuzZGdzEA=,uZ9LcPbuwRYPqQJOC3cReueKIAc=
-109,-24,HPJk6Zo7geil9NIu+njuzZGdzEA=,uZ9LcPbuwRYPqQJOC3cReueKIAc=
-111,-30,HPJk6Zo7geil9NIu+njuzZGdzEA=,ersnvcppxOg8GNbkK9J4p4m1+0Q=
-110,-27,HPJk6Zo7geil9NIu+njuzZGdzEA=,ersnvcppxOg8GNbkK9J4p4m1+0Q=
-108,-24,HPJk6Zo7geil9NIu+njuzZGdzEA=,uZ9LcPbuwRYPqQJOC3cReueKIAc=
-107,-24,HPJk6Zo7geil9NIu+njuzZGdzEA=,uZ9LcPbuwRYPqQJOC3cReueKIAc=
-106,-24,HPJk6Zo7geil9NIu+njuzZGdzEA=,uZ9LcPbuwRYPqQJOC3cReueKIAc=
-111,-27,HPJk6Zo7geil9NIu+njuzZGdzEA=,ersnvcppxOg8GNbkK9J4p4m1+0Q=
-110,-30,HPJk6Zo7geil9NIu+njuzZGdzEA=,ersnvcppxOg8GNbkK9J4p4m1+0Q=
-112,-27,HPJk6Zo7geil9NIu+njuzZGdzEA=,ersnvcppxOg8GNbkK9J4p4m1+0Q=
-109,-30,HPJk6Zo7geil9NIu+njuzZGdzEA=,ersnvcppxOg8GNbkK9J4p4m1+0Q=
-105,-28,HPJk6Zo7geil9NIu+njuzZGdzEA=,ersnvcppxOg8GNbkK9J4p4m1+0Q=
-108,-28,HPJk6Zo7geil9NIu+njuzZGdzEA=,ersnvcppxOg8GNbkK9J4p4m1+0Q=
-111,-28,HPJk6Zo7geil9NIu+njuzZGdzEA=,ersnvcppxOg8GNbkK9J4p4m1+0Q=
-112,-28,HPJk6Zo7geil9NIu+njuzZGdzEA=,ersnvcppxOg8GNbkK9J4p4m1+0Q=
-110,-28,HPJk6Zo7geil9NIu+njuzZGdzEA=,ersnvcppxOg8GNbkK9J4p4m1+0Q=
-105,-29,HPJk6Zo7geil9NIu+njuzZGdzEA=,ersnvcppxOg8GNbkK9J4p4m1+0Q=
-106,-29,HPJk6Zo7geil9NIu+njuzZGdzEA=,ersnvcppxOg8GNbkK9J4p4m1+0Q=
-109,-28,HPJk6Zo7geil9NIu+njuzZGdzEA=,ersnvcppxOg8GNbkK9J4p4m1+0Q=
-109,-29,HPJk6Zo7geil9NIu+njuzZGdzEA=,ersnvcppxOg8GNbkK9J4p4m1+0Q=
-110,-29,HPJk6Zo7geil9NIu+njuzZGdzEA=,ersnvcppxOg8GNbkK9J4p4m1+0Q=
-112,-29,HPJk6Zo7geil9NIu+njuzZGdzEA=,ersnvcppxOg8GNbkK9J4p4m1+0Q=
-105,-30,HPJk6Zo7geil9NIu+njuzZGdzEA=,ersnvcppxOg8GNbkK9J4p4m1+0Q=
-108,-32,HPJk6Zo7geil9NIu+njuzZGdzEA=,ersnvcppxOg8GNbkK9J4p4m1+0Q=
-107,-30,HPJk6Zo7geil9NIu+njuzZGdzEA=,ersnvcppxOg8GNbkK9J4p4m1+0Q=
-106,-30,HPJk6Zo7geil9NIu+njuzZGdzEA=,ersnvcppxOg8GNbkK9J4p4m1+0Q=
-109,-31,HPJk6Zo7geil9NIu+njuzZGdzEA=,ersnvcppxOg8GNbkK9J4p4m1+0Q=
-111,-29,HPJk6Zo7geil9NIu+njuzZGdzEA=,ersnvcppxOg8GNbkK9J4p4m1+0Q=
-104,-22,HPJk6Zo7geil9NIu+njuzZGdzEA=,Kt7ty97irAC532zvfdpEF+XMWs0=
-102,-20,HPJk6Zo7geil9NIu+njuzZGdzEA=,Kt7ty97irAC532zvfdpEF+XMWs0=
-100,-17,HPJk6Zo7geil9NIu+njuzZGdzEA=,Kt7ty97irAC532zvfdpEF+XMWs0=
-102,-18,HPJk6Zo7geil9NIu+njuzZGdzEA=,Kt7ty97irAC532zvfdpEF+XMWs0=
-97,-22,HPJk6Zo7geil9NIu+njuzZGdzEA=,Kt7ty97irAC532zvfdpEF+XMWs0=
-103,-22,HPJk6Zo7geil9NIu+njuzZGdzEA=,Kt7ty97irAC532zvfdpEF+XMWs0=
-103,-18,HPJk6Zo7geil9NIu+njuzZGdzEA=,Kt7ty97irAC532zvfdpEF+XMWs0=
-97,-24,HPJk6Zo7geil9NIu+njuzZGdzEA=,Kt7ty97irAC532zvfdpEF+XMWs0=
-102,-17,HPJk6Zo7geil9NIu+njuzZGdzEA=,Kt7ty97irAC532zvfdpEF+XMWs0=
-97,-23,HPJk6Zo7geil9NIu+njuzZGdzEA=,Kt7ty97irAC532zvfdpEF+XMWs0=
-105,-23,HPJk6Zo7geil9NIu+njuzZGdzEA=,uZ9LcPbuwRYPqQJOC3cReueKIAc=
-98,-17,HPJk6Zo7geil9NIu+njuzZGdzEA=,Kt7ty97irAC532zvfdpEF+XMWs0=
-97,-17,HPJk6Zo7geil9NIu+njuzZGdzEA=,Kt7ty97irAC532zvfdpEF+XMWs0=
-102,-22,HPJk6Zo7geil9NIu+njuzZGdzEA=,Kt7ty97irAC532zvfdpEF+XMWs0=
-103,-20,HPJk6Zo7geil9NIu+njuzZGdzEA=,Kt7ty97irAC532zvfdpEF+XMWs0=
-102,-24,HPJk6Zo7geil9NIu+njuzZGdzEA=,Kt7ty97irAC532zvfdpEF+XMWs0=
-98,-22,HPJk6Zo7geil9NIu+njuzZGdzEA=,Kt7ty97irAC532zvfdpEF+XMWs0=
-97,-20,HPJk6Zo7geil9NIu+njuzZGdzEA=,Kt7ty97irAC532zvfdpEF+XMWs0=
-98,-20,HPJk6Zo7geil9NIu+njuzZGdzEA=,Kt7ty97irAC532zvfdpEF+XMWs0=
-99,-24,HPJk6Zo7geil9NIu+njuzZGdzEA=,Kt7ty97irAC532zvfdpEF+XMWs0=
-98,-23,HPJk6Zo7geil9NIu+njuzZGdzEA=,Kt7ty97irAC532zvfdpEF+XMWs0=
-101,-24,HPJk6Zo7geil9NIu+njuzZGdzEA=,Kt7ty97irAC532zvfdpEF+XMWs0=
-100,-22,HPJk6Zo7geil9NIu+njuzZGdzEA=,Kt7ty97irAC532zvfdpEF+XMWs0=
-104,-21,HPJk6Zo7geil9NIu+njuzZGdzEA=,Kt7ty97irAC532zvfdpEF+XMWs0=
-99,-22,HPJk6Zo7geil9NIu+njuzZGdzEA=,Kt7ty97irAC532zvfdpEF+XMWs0=
-103,-17,HPJk6Zo7geil9NIu+njuzZGdzEA=,Kt7ty97irAC532zvfdpEF+XMWs0=
-97,-18,HPJk6Zo7geil9NIu+njuzZGdzEA=,Kt7ty97irAC532zvfdpEF+XMWs0=
-105,-24,HPJk6Zo7geil9NIu+njuzZGdzEA=,uZ9LcPbuwRYPqQJOC3cReueKIAc=
-102,-21,HPJk6Zo7geil9NIu+njuzZGdzEA=,Kt7ty97irAC532zvfdpEF+XMWs0=
-103,-24,HPJk6Zo7geil9NIu+njuzZGdzEA=,Kt7ty97irAC532zvfdpEF+XMWs0=
-97,-21,HPJk6Zo7geil9NIu+njuzZGdzEA=,Kt7ty97irAC532zvfdpEF+XMWs0=
-103,-21,HPJk6Zo7geil9NIu+njuzZGdzEA=,Kt7ty97irAC532zvfdpEF+XMWs0=
-100,-24,HPJk6Zo7geil9NIu+njuzZGdzEA=,Kt7ty97irAC532zvfdpEF+XMWs0=
-99,-19,HPJk6Zo7geil9NIu+njuzZGdzEA=,Kt7ty97irAC532zvfdpEF+XMWs0=
-99,-20,HPJk6Zo7geil9NIu+njuzZGdzEA=,Kt7ty97irAC532zvfdpEF+XMWs0=
-98,-18,HPJk6Zo7geil9NIu+njuzZGdzEA=,Kt7ty97irAC532zvfdpEF+XMWs0=
-101,-22,HPJk6Zo7geil9NIu+njuzZGdzEA=,Kt7ty97irAC532zvfdpEF+XMWs0=
-105,-25,HPJk6Zo7geil9NIu+njuzZGdzEA=,ersnvcppxOg8GNbkK9J4p4m1+0Q=
-104,-23,HPJk6Zo7geil9NIu+njuzZGdzEA=,Kt7ty97irAC532zvfdpEF+XMWs0=
-107,-27,HPJk6Zo7geil9NIu+njuzZGdzEA=,ersnvcppxOg8GNbkK9J4p4m1+0Q=
-104,-24,HPJk6Zo7geil9NIu+njuzZGdzEA=,Kt7ty97irAC532zvfdpEF+XMWs0=
-108,-31,HPJk6Zo7geil9NIu+njuzZGdzEA=,ersnvcppxOg8GNbkK9J4p4m1+0Q=
-100,-19,HPJk6Zo7geil9NIu+njuzZGdzEA=,Kt7ty97irAC532zvfdpEF+XMWs0=
-105,-27,HPJk6Zo7geil9NIu+njuzZGdzEA=,ersnvcppxOg8GNbkK9J4p4m1+0Q=
-105,-26,HPJk6Zo7geil9NIu+njuzZGdzEA=,ersnvcppxOg8GNbkK9J4p4m1+0Q=
-105,-21,HPJk6Zo7geil9NIu+njuzZGdzEA=,uZ9LcPbuwRYPqQJOC3cReueKIAc=
-106,-22,HPJk6Zo7geil9NIu+njuzZGdzEA=,uZ9LcPbuwRYPqQJOC3cReueKIAc=
-98,-21,HPJk6Zo7geil9NIu+njuzZGdzEA=,Kt7ty97irAC532zvfdpEF+XMWs0=
-104,-18,HPJk6Zo7geil9NIu+njuzZGdzEA=,Kt7ty97irAC532zvfdpEF+XMWs0=
-106,-27,HPJk6Zo7geil9NIu+njuzZGdzEA=,ersnvcppxOg8GNbkK9J4p4m1+0Q=
-99,-18,HPJk6Zo7geil9NIu+njuzZGdzEA=,Kt7ty97irAC532zvfdpEF+XMWs0=
-101,-17,HPJk6Zo7geil9NIu+njuzZGdzEA=,Kt7ty97irAC532zvfdpEF+XMWs0=
-106,-28,HPJk6Zo7geil9NIu+njuzZGdzEA=,ersnvcppxOg8GNbkK9J4p4m1+0Q=
-99,-17,HPJk6Zo7geil9NIu+njuzZGdzEA=,Kt7ty97irAC532zvfdpEF+XMWs0=
-104,-17,HPJk6Zo7geil9NIu+njuzZGdzEA=,Kt7ty97irAC532zvfdpEF+XMWs0=
-99,-21,HPJk6Zo7geil9NIu+njuzZGdzEA=,Kt7ty97irAC532zvfdpEF+XMWs0=
-102,-19,HPJk6Zo7geil9NIu+njuzZGdzEA=,Kt7ty97irAC532zvfdpEF+XMWs0=
-105,-18,HPJk6Zo7geil9NIu+njuzZGdzEA=,uZ9LcPbuwRYPqQJOC3cReueKIAc=
-108,-29,HPJk6Zo7geil9NIu+njuzZGdzEA=,ersnvcppxOg8GNbkK9J4p4m1+0Q=
-100,-20,HPJk6Zo7geil9NIu+njuzZGdzEA=,Kt7ty97irAC532zvfdpEF+XMWs0=
-100,-21,HPJk6Zo7geil9NIu+njuzZGdzEA=,Kt7ty97irAC532zvfdpEF+XMWs0=
-99,-23,HPJk6Zo7geil9NIu+njuzZGdzEA=,Kt7ty97irAC532zvfdpEF+XMWs0=
-98,-24,HPJk6Zo7geil9NIu+njuzZGdzEA=,Kt7ty97irAC532zvfdpEF+XMWs0=
-100,-23,HPJk6Zo7geil9NIu+njuzZGdzEA=,Kt7ty97irAC532zvfdpEF+XMWs0=
-101,-20,HPJk6Zo7geil9NIu+njuzZGdzEA=,Kt7ty97irAC532zvfdpEF+XMWs0=
-101,-19,HPJk6Zo7geil9NIu+njuzZGdzEA=,Kt7ty97irAC532zvfdpEF+XMWs0=
-101,-21,HPJk6Zo7geil9NIu+njuzZGdzEA=,Kt7ty97irAC532zvfdpEF+XMWs0=
-101,-23,HPJk6Zo7geil9NIu+njuzZGdzEA=,Kt7ty97irAC532zvfdpEF+XMWs0=
-102,-23,HPJk6Zo7geil9NIu+njuzZGdzEA=,Kt7ty97irAC532zvfdpEF+XMWs0=
-103,-19,HPJk6Zo7geil9NIu+njuzZGdzEA=,Kt7ty97irAC532zvfdpEF+XMWs0=
-103,-23,HPJk6Zo7geil9NIu+njuzZGdzEA=,Kt7ty97irAC532zvfdpEF+XMWs0=
-105,-17,HPJk6Zo7geil9NIu+njuzZGdzEA=,uZ9LcPbuwRYPqQJOC3cReueKIAc=
-98,-19,HPJk6Zo7geil9NIu+njuzZGdzEA=,Kt7ty97irAC532zvfdpEF+XMWs0=
-107,-29,HPJk6Zo7geil9NIu+njuzZGdzEA=,ersnvcppxOg8GNbkK9J4p4m1+0Q=
-108,-30,HPJk6Zo7geil9NIu+njuzZGdzEA=,ersnvcppxOg8GNbkK9J4p4m1+0Q=
-107,-28,HPJk6Zo7geil9NIu+njuzZGdzEA=,ersnvcppxOg8GNbkK9J4p4m1+0Q=
-101,-18,HPJk6Zo7geil9NIu+njuzZGdzEA=,Kt7ty97irAC532zvfdpEF+XMWs0=
-104,-20,HPJk6Zo7geil9NIu+njuzZGdzEA=,Kt7ty97irAC532zvfdpEF+XMWs0=
-97,-19,HPJk6Zo7geil9NIu+njuzZGdzEA=,Kt7ty97irAC532zvfdpEF+XMWs0=
-100,-18,HPJk6Zo7geil9NIu+njuzZGdzEA=,Kt7ty97irAC532zvfdpEF+XMWs0=
-105,-20,HPJk6Zo7geil9NIu+njuzZGdzEA=,uZ9LcPbuwRYPqQJOC3cReueKIAc=
-104,-19,HPJk6Zo7geil9NIu+njuzZGdzEA=,Kt7ty97irAC532zvfdpEF+XMWs0=
-105,-22,HPJk6Zo7geil9NIu+njuzZGdzEA=,uZ9LcPbuwRYPqQJOC3cReueKIAc=
-105,-19,HPJk6Zo7geil9NIu+njuzZGdzEA=,uZ9LcPbuwRYPqQJOC3cReueKIAc=
