0,-8,rMFpqBUuei572SucUCWI3tCzYZM=,wxAG07+U3llnnuCoJcA3+zldd7M=
7,-4,rMFpqBUuei572SucUCWI3tCzYZM=,wxAG07+U3llnnuCoJcA3+zldd7M=
6,-4,rMFpqBUuei572SucUCWI3tCzYZM=,wxAG07+U3llnnuCoJcA3+zldd7M=
7,-6,rMFpqBUuei572SucUCWI3tCzYZM=,wxAG07+U3llnnuCoJcA3+zldd7M=
7,-5,rMFpqBUuei572SucUCWI3tCzYZM=,wxAG07+U3llnnuCoJcA3+zldd7M=
6,-5,rMFpqBUuei572SucUCWI3tCzYZM=,wxAG07+U3llnnuCoJcA3+zldd7M=
5,-5,rMFpqBUuei572SucUCWI3tCzYZM=,wxAG07+U3llnnuCoJcA3+zldd7M=
4,-5,rMFpqBUuei572SucUCWI3tCzYZM=,wxAG07+U3llnnuCoJcA3+zldd7M=
6,-6,rMFpqBUuei572SucUCWI3tCzYZM=,wxAG07+U3llnnuCoJcA3+zldd7M=
7,-8,rMFpqBUuei572SucUCWI3tCzYZM=,wxAG07+U3llnnuCoJcA3+zldd7M=
3,-5,rMFpqBUuei572SucUCWI3tCzYZM=,wxAG07+U3llnnuCoJcA3+zldd7M=
5,-6,rMFpqBUuei572SucUCWI3tCzYZM=,wxAG07+U3llnnuCoJcA3+zldd7M=
2,-5,rMFpqBUuei572SucUCWI3tCzYZM=,wxAG07+U3llnnuCoJcA3+zldd7M=
7,-1,rMFpqBUuei572SucUCWI3tCzYZM=,wxAG07+U3llnnuCoJcA3+zldd7M=
5,-4,rMFpqBUuei572SucUCWI3tCzYZM=,wxAG07+U3llnnuCoJcA3+zldd7M=
5,-8,rMFpqBUuei572SucUCWI3tCzYZM=,wxAG07+U3llnnuCoJcA3+zldd7M=
6,-1,rMFpqBUuei572SucUCWI3tCzYZM=,wxAG07+U3llnnuCoJcA3+zldd7M=
4,-6,rMFpqBUuei572SucUCWI3tCzYZM=,wxAG07+U3llnnuCoJcA3+zldd7M=
5,-1,rMFpqBUuei572SucUCWI3tCzYZM=,wxAG07+U3llnnuCoJcA3+zldd7M=
3,-1,rMFpqBUuei572SucUCWI3tCzYZM=,wxAG07+U3llnnuCoJcA3+zldd7M=
2,-1,rMFpqBUuei572SucUCWI3tCzYZM=,wxAG07+U3llnnuCoJcA3+zldd7M=
3,-6,rMFpqBUuei572SucUCWI3tCzYZM=,wxAG07+U3llnnuCoJcA3+zldd7M=
4,-4,rMFpqBUuei572SucUCWI3tCzYZM=,wxAG07+U3llnnuCoJcA3+zldd7M=
4,-1,rMFpqBUuei572SucUCWI3tCzYZM=,wxAG07+U3llnnuCoJcA3+zldd7M=
7,-2,rMFpqBUuei572SucUCWI3tCzYZM=,wxAG07+U3llnnuCoJcA3+zldd7M=
6,-2,rMFpqBUuei572SucUCWI3tCzYZM=,wxAG07+U3llnnuCoJcA3+zldd7M=
2,-2,rMFpqBUuei572SucUCWI3tCzYZM=,wxAG07+U3llnnuCoJcA3+zldd7M=
5,-2,rMFpqBUuei572SucUCWI3tCzYZM=,wxAG07+U3llnnuCoJcA3+zldd7M=
3,-2,rMFpqBUuei572SucUCWI3tCzYZM=,wxAG07+U3llnnuCoJcA3+zldd7M=
4,-2,rMFpqBUuei572SucUCWI3tCzYZM=,wxAG07+U3llnnuCoJcA3+zldd7M=
3,-4,rMFpqBUuei572SucUCWI3tCzYZM=,wxAG07+U3llnnuCoJcA3+zldd7M=
7,-3,rMFpqBUuei572SucUCWI3tCzYZM=,wxAG07+U3llnnuCoJcA3+zldd7M=
2,-6,rMFpqBUuei572SucUCWI3tCzYZM=,wxAG07+U3llnnuCoJcA3+zldd7M=
6,-3,rMFpqBUuei572SucUCWI3tCzYZM=,wxAG07+U3llnnuCoJcA3+zldd7M=
5,-3,rMFpqBUuei572SucUCWI3tCzYZM=,wxAG07+U3llnnuCoJcA3+zldd7M=
4,-3,rMFpqBUuei572SucUCWI3tCzYZM=,wxAG07+U3llnnuCoJcA3+zldd7M=
3,-8,rMFpqBUuei572SucUCWI3tCzYZM=,wxAG07+U3llnnuCoJcA3+zldd7M=
6,-7,rMFpqBUuei572SucUCWI3tCzYZM=,wxAG07+U3llnnuCoJcA3+zldd7M=
2,-4,rMFpqBUuei572SucUCWI3tCzYZM=,wxAG07+U3llnnuCoJcA3+zldd7M=
4,-7,rMFpqBUuei572SucUCWI3tCzYZM=,wxAG07+U3llnnuCoJcA3+zldd7M=
7,-7,rMFpqBUuei572SucUCWI3tCzYZM=,wxAG07+U3llnnuCoJcA3+zldd7M=
1,-8,rMFpqBUuei572SucUCWI3tCzYZM=,wxAG07+U3llnnuCoJcA3+zldd7M=
2,-7,rMFpqBUuei572SucUCWI3tCzYZM=,wxAG07+U3llnnuCoJcA3+zldd7M=
5,-7,rMFpqBUuei572SucUCWI3tCzYZM=,wxAG07+U3llnnuCoJcA3+zldd7M=
0,-6,rMFpqBUuei572SucUCWI3tCzYZM=,wxAG07+U3llnnuCoJcA3+zldd7M=
1,-6,rMFpqBUuei572SucUCWI3tCzYZM=,wxAG07+U3llnnuCoJcA3+zldd7M=
4,-8,rMFpqBUuei572SucUCWI3tCzYZM=,wxAG07+U3llnnuCoJcA3+zldd7M=
1,-5,rMFpqBUuei572SucUCWI3tCzYZM=,wxAG07+U3llnnuCoJcA3+zldd7M=
3,-7,rMFpqBUuei572SucUCWI3tCzYZM=,wxAG07+U3llnnuCoJcA3+zldd7M=
2,-3,rMFpqBUuei572SucUCWI3tCzYZM=,wxAG07+U3llnnuCoJcA3+zldd7M=
0,-3,rMFpqBUuei572SucUCWI3tCzYZM=,wxAG07+U3llnnuCoJcA3+zldd7M=
1,-3,rMFpqBUuei572SucUCWI3tCzYZM=,wxAG07+U3llnnuCoJcA3+zldd7M=
0,-5,rMFpqBUuei572SucUCWI3tCzYZM=,wxAG07+U3llnnuCoJcA3+zldd7M=
3,-3,rMFpqBUuei572SucUCWI3tCzYZM=,wxAG07+U3llnnuCoJcA3+zldd7M=
0,-4,rMFpqBUuei572SucUCWI3tCzYZM=,wxAG07+U3llnnuCoJcA3+zldd7M=
1,-4,rMFpqBUuei572SucUCWI3tCzYZM=,wxAG07+U3llnnuCoJcA3+zldd7M=
6,-8,rMFpqBUuei572SucUCWI3tCzYZM=,wxAG07+U3llnnuCoJcA3+zldd7M=
1,-2,rMFpqBUuei572SucUCWI3tCzYZM=,wxAG07+U3llnnuCoJcA3+zldd7M=
0,-2,rMFpqBUuei572SucUCWI3tCzYZM=,wxAG07+U3llnnuCoJcA3+zldd7M=
1,-7,rMFpqBUuei572SucUCWI3tCzYZM=,wxAG07+U3llnnuCoJcA3+zldd7M=
1,-1,rMFpqBUuei572SucUCWI3tCzYZM=,wxAG07+U3llnnuCoJcA3+zldd7M=
0,-7,rMFpqBUuei572SucUCWI3tCzYZM=,wxAG07+U3llnnuCoJcA3+zldd7M=
2,-8,rMFpqBUuei572SucUCWI3tCzYZM=,wxAG07+U3llnnuCoJcA3+zldd7M=
0,-1,rMFpqBUuei572SucUCWI3tCzYZM=,wxAG07+U3llnnuCoJcA3+zldd7M=
14,-4,0udzFAtYT0fOAmypjpIA/hN4mL4=,3/ZT9CfKFdvTDnLiF2+PWMOIoNw=
14,-5,0udzFAtYT0fOAmypjpIA/hN4mL4=,3/ZT9CfKFdvTDnLiF2+PWMOIoNw=
13,-4,0udzFAtYT0fOAmypjpIA/hN4mL4=,3/ZT9CfKFdvTDnLiF2+PWMOIoNw=
13,-5,0udzFAtYT0fOAmypjpIA/hN4mL4=,3/ZT9CfKFdvTDnLiF2+PWMOIoNw=
14,-7,0udzFAtYT0fOAmypjpIA/hN4mL4=,3/ZT9CfKFdvTDnLiF2+PWMOIoNw=
12,-5,0udzFAtYT0fOAmypjpIA/hN4mL4=,3/ZT9CfKFdvTDnLiF2+PWMOIoNw=
10,-5,0udzFAtYT0fOAmypjpIA/hN4mL4=,3/ZT9CfKFdvTDnLiF2+PWMOIoNw=
11,-5,0udzFAtYT0fOAmypjpIA/hN4mL4=,3/ZT9CfKFdvTDnLiF2+PWMOIoNw=
14,-6,0udzFAtYT0fOAmypjpIA/hN4mL4=,3/ZT9CfKFdvTDnLiF2+PWMOIoNw=
15,-7,0udzFAtYT0fOAmypjpIA/hN4mL4=,3/ZT9CfKFdvTDnLiF2+PWMOIoNw=
13,-7,0udzFAtYT0fOAmypjpIA/hN4mL4=,3/ZT9CfKFdvTDnLiF2+PWMOIoNw=
12,-7,0udzFAtYT0fOAmypjpIA/hN4mL4=,3/ZT9CfKFdvTDnLiF2+PWMOIoNw=
11,-4,0udzFAtYT0fOAmypjpIA/hN4mL4=,3/ZT9CfKFdvTDnLiF2+PWMOIoNw=
13,-6,0udzFAtYT0fOAmypjpIA/hN4mL4=,3/ZT9CfKFdvTDnLiF2+PWMOIoNw=
15,-6,0udzFAtYT0fOAmypjpIA/hN4mL4=,3/ZT9CfKFdvTDnLiF2+PWMOIoNw=
12,-4,0udzFAtYT0fOAmypjpIA/hN4mL4=,3/ZT9CfKFdvTDnLiF2+PWMOIoNw=
15,-1,0udzFAtYT0fOAmypjpIA/hN4mL4=,3/ZT9CfKFdvTDnLiF2+PWMOIoNw=
9,-4,0udzFAtYT0fOAmypjpIA/hN4mL4=,3/ZT9CfKFdvTDnLiF2+PWMOIoNw=
10,-4,0udzFAtYT0fOAmypjpIA/hN4mL4=,3/ZT9CfKFdvTDnLiF2+PWMOIoNw=
12,-6,0udzFAtYT0fOAmypjpIA/hN4mL4=,3/ZT9CfKFdvTDnLiF2+PWMOIoNw=
13,-1,0udzFAtYT0fOAmypjpIA/hN4mL4=,3/ZT9CfKFdvTDnLiF2+PWMOIoNw=
15,-5,0udzFAtYT0fOAmypjpIA/hN4mL4=,3/ZT9CfKFdvTDnLiF2+PWMOIoNw=
11,-6,0udzFAtYT0fOAmypjpIA/hN4mL4=,3/ZT9CfKFdvTDnLiF2+PWMOIoNw=
15,-4,0udzFAtYT0fOAmypjpIA/hN4mL4=,3/ZT9CfKFdvTDnLiF2+PWMOIoNw=
12,-1,0udzFAtYT0fOAmypjpIA/hN4mL4=,3/ZT9CfKFdvTDnLiF2+PWMOIoNw=
11,-1,0udzFAtYT0fOAmypjpIA/hN4mL4=,3/ZT9CfKFdvTDnLiF2+PWMOIoNw=
9,-1,0udzFAtYT0fOAmypjpIA/hN4mL4=,3/ZT9CfKFdvTDnLiF2+PWMOIoNw=
9,-5,0udzFAtYT0fOAmypjpIA/hN4mL4=,3/ZT9CfKFdvTDnLiF2+PWMOIoNw=
15,-2,0udzFAtYT0fOAmypjpIA/hN4mL4=,3/ZT9CfKFdvTDnLiF2+PWMOIoNw=
14,-1,0udzFAtYT0fOAmypjpIA/hN4mL4=,3/ZT9CfKFdvTDnLiF2+PWMOIoNw=
10,-1,0udzFAtYT0fOAmypjpIA/hN4mL4=,3/ZT9CfKFdvTDnLiF2+PWMOIoNw=
14,-2,0udzFAtYT0fOAmypjpIA/hN4mL4=,3/ZT9CfKFdvTDnLiF2+PWMOIoNw=
9,-3,0udzFAtYT0fOAmypjpIA/hN4mL4=,3/ZT9CfKFdvTDnLiF2+PWMOIoNw=
12,-2,0udzFAtYT0fOAmypjpIA/hN4mL4=,3/ZT9CfKFdvTDnLiF2+PWMOIoNw=
13,-2,0udzFAtYT0fOAmypjpIA/hN4mL4=,3/ZT9CfKFdvTDnLiF2+PWMOIoNw=
11,-7,0udzFAtYT0fOAmypjpIA/hN4mL4=,3/ZT9CfKFdvTDnLiF2+PWMOIoNw=
10,-6,0udzFAtYT0fOAmypjpIA/hN4mL4=,3/ZT9CfKFdvTDnLiF2+PWMOIoNw=
10,-3,0udzFAtYT0fOAmypjpIA/hN4mL4=,3/ZT9CfKFdvTDnLiF2+PWMOIoNw=
9,-2,0udzFAtYT0fOAmypjpIA/hN4mL4=,3/ZT9CfKFdvTDnLiF2+PWMOIoNw=
15,-3,0udzFAtYT0fOAmypjpIA/hN4mL4=,3/ZT9CfKFdvTDnLiF2+PWMOIoNw=
10,-2,0udzFAtYT0fOAmypjpIA/hN4mL4=,3/ZT9CfKFdvTDnLiF2+PWMOIoNw=
14,-3,0udzFAtYT0fOAmypjpIA/hN4mL4=,3/ZT9CfKFdvTDnLiF2+PWMOIoNw=
10,-7,0udzFAtYT0fOAmypjpIA/hN4mL4=,3/ZT9CfKFdvTDnLiF2+PWMOIoNw=
13,-3,0udzFAtYT0fOAmypjpIA/hN4mL4=,3/ZT9CfKFdvTDnLiF2+PWMOIoNw=
12,-3,0udzFAtYT0fOAmypjpIA/hN4mL4=,3/ZT9CfKFdvTDnLiF2+PWMOIoNw=
9,-6,0udzFAtYT0fOAmypjpIA/hN4mL4=,3/ZT9CfKFdvTDnLiF2+PWMOIoNw=
11,-3,0udzFAtYT0fOAmypjpIA/hN4mL4=,3/ZT9CfKFdvTDnLiF2+PWMOIoNw=
11,-2,0udzFAtYT0fOAmypjpIA/hN4mL4=,3/ZT9CfKFdvTDnLiF2+PWMOIoNw=
9,-7,0udzFAtYT0fOAmypjpIA/hN4mL4=,3/ZT9CfKFdvTDnLiF2+PWMOIoNw=
11,-12,0udzFAtYT0fOAmypjpIA/hN4mL4=,lwqmIT7o4//3+767nE8yaK0Z1VQ=
15,-15,0udzFAtYT0fOAmypjpIA/hN4mL4=,lwqmIT7o4//3+767nE8yaK0Z1VQ=
14,-15,0udzFAtYT0fOAmypjpIA/hN4mL4=,lwqmIT7o4//3+767nE8yaK0Z1VQ=
15,-14,0udzFAtYT0fOAmypjpIA/hN4mL4=,lwqmIT7o4//3+767nE8yaK0Z1VQ=
15,-9,0udzFAtYT0fOAmypjpIA/hN4mL4=,lwqmIT7o4//3+767nE8yaK0Z1VQ=
14,-9,0udzFAtYT0fOAmypjpIA/hN4mL4=,lwqmIT7o4//3+767nE8yaK0Z1VQ=
13,-15,0udzFAtYT0fOAmypjpIA/hN4mL4=,lwqmIT7o4//3+767nE8yaK0Z1VQ=
13,-9,0udzFAtYT0fOAmypjpIA/hN4mL4=,lwqmIT7o4//3+767nE8yaK0Z1VQ=
12,-9,0udzFAtYT0fOAmypjpIA/hN4mL4=,lwqmIT7o4//3+767nE8yaK0Z1VQ=
14,-14,0udzFAtYT0fOAmypjpIA/hN4mL4=,lwqmIT7o4//3+767nE8yaK0Z1VQ=
11,-9,0udzFAtYT0fOAmypjpIA/hN4mL4=,lwqmIT7o4//3+767nE8yaK0Z1VQ=
12,-15,0udzFAtYT0fOAmypjpIA/hN4mL4=,lwqmIT7o4//3+767nE8yaK0Z1VQ=
10,-9,0udzFAtYT0fOAmypjpIA/hN4mL4=,lwqmIT7o4//3+767nE8yaK0Z1VQ=
9,-9,0udzFAtYT0fOAmypjpIA/hN4mL4=,lwqmIT7o4//3+767nE8yaK0Z1VQ=
13,-8,0udzFAtYT0fOAmypjpIA/hN4mL4=,3/ZT9CfKFdvTDnLiF2+PWMOIoNw=
15,-10,0udzFAtYT0fOAmypjpIA/hN4mL4=,lwqmIT7o4//3+767nE8yaK0Z1VQ=
13,-10,0udzFAtYT0fOAmypjpIA/hN4mL4=,lwqmIT7o4//3+767nE8yaK0Z1VQ=
14,-10,0udzFAtYT0fOAmypjpIA/hN4mL4=,lwqmIT7o4//3+767nE8yaK0Z1VQ=
12,-10,0udzFAtYT0fOAmypjpIA/hN4mL4=,lwqmIT7o4//3+767nE8yaK0Z1VQ=
10,-10,0udzFAtYT0fOAmypjpIA/hN4mL4=,lwqmIT7o4//3+767nE8yaK0Z1VQ=
9,-10,0udzFAtYT0fOAmypjpIA/hN4mL4=,lwqmIT7o4//3+767nE8yaK0Z1VQ=
13,-14,0udzFAtYT0fOAmypjpIA/hN4mL4=,lwqmIT7o4//3+767nE8yaK0Z1VQ=
8,-10,0udzFAtYT0fOAmypjpIA/hN4mL4=,lwqmIT7o4//3+767nE8yaK0Z1VQ=
15,-11,0udzFAtYT0fOAmypjpIA/hN4mL4=,lwqmIT7o4//3+767nE8yaK0Z1VQ=
11,-10,0udzFAtYT0fOAmypjpIA/hN4mL4=,lwqmIT7o4//3+767nE8yaK0Z1VQ=
14,-11,0udzFAtYT0fOAmypjpIA/hN4mL4=,lwqmIT7o4//3+767nE8yaK0Z1VQ=
13,-11,0udzFAtYT0fOAmypjpIA/hN4mL4=,lwqmIT7o4//3+767nE8yaK0Z1VQ=
12,-14,0udzFAtYT0fOAmypjpIA/hN4mL4=,lwqmIT7o4//3+767nE8yaK0Z1VQ=
12,-11,0udzFAtYT0fOAmypjpIA/hN4mL4=,lwqmIT7o4//3+767nE8yaK0Z1VQ=
12,-12,0udzFAtYT0fOAmypjpIA/hN4mL4=,lwqmIT7o4//3+767nE8yaK0Z1VQ=
13,-12,0udzFAtYT0fOAmypjpIA/hN4mL4=,lwqmIT7o4//3+767nE8yaK0Z1VQ=
14,-8,0udzFAtYT0fOAmypjpIA/hN4mL4=,3/ZT9CfKFdvTDnLiF2+PWMOIoNw=
10,-8,0udzFAtYT0fOAmypjpIA/hN4mL4=,3/ZT9CfKFdvTDnLiF2+PWMOIoNw=
8,-13,0udzFAtYT0fOAmypjpIA/hN4mL4=,lwqmIT7o4//3+767nE8yaK0Z1VQ=
11,-15,0udzFAtYT0fOAmypjpIA/hN4mL4=,lwqmIT7o4//3+767nE8yaK0Z1VQ=
9,-13,0udzFAtYT0fOAmypjpIA/hN4mL4=,lwqmIT7o4//3+767nE8yaK0Z1VQ=
11,-13,0udzFAtYT0fOAmypjpIA/hN4mL4=,lwqmIT7o4//3+767nE8yaK0Z1VQ=
10,-13,0udzFAtYT0fOAmypjpIA/hN4mL4=,lwqmIT7o4//3+767nE8yaK0Z1VQ=
15,-8,0udzFAtYT0fOAmypjpIA/hN4mL4=,3/ZT9CfKFdvTDnLiF2+PWMOIoNw=
9,-15,0udzFAtYT0fOAmypjpIA/hN4mL4=,lwqmIT7o4//3+767nE8yaK0Z1VQ=
8,-15,0udzFAtYT0fOAmypjpIA/hN4mL4=,lwqmIT7o4//3+767nE8yaK0Z1VQ=
10,-15,0udzFAtYT0fOAmypjpIA/hN4mL4=,lwqmIT7o4//3+767nE8yaK0Z1VQ=
10,-11,0udzFAtYT0fOAmypjpIA/hN4mL4=,lwqmIT7o4//3+767nE8yaK0Z1VQ=
11,-11,0udzFAtYT0fOAmypjpIA/hN4mL4=,lwqmIT7o4//3+767nE8yaK0Z1VQ=
10,-12,0udzFAtYT0fOAmypjpIA/hN4mL4=,lwqmIT7o4//3+767nE8yaK0Z1VQ=
11,-8,0udzFAtYT0fOAmypjpIA/hN4mL4=,3/ZT9CfKFdvTDnLiF2+PWMOIoNw=
9,-11,0udzFAtYT0fOAmypjpIA/hN4mL4=,lwqmIT7o4//3+767nE8yaK0Z1VQ=
15,-16,0udzFAtYT0fOAmypjpIA/hN4mL4=,lwqmIT7o4//3+767nE8yaK0Z1VQ=
14,-16,0udzFAtYT0fOAmypjpIA/hN4mL4=,lwqmIT7o4//3+767nE8yaK0Z1VQ=
12,-16,0udzFAtYT0fOAmypjpIA/hN4mL4=,lwqmIT7o4//3+767nE8yaK0Z1VQ=
8,-12,0udzFAtYT0fOAmypjpIA/hN4mL4=,lwqmIT7o4//3+767nE8yaK0Z1VQ=
11,-16,0udzFAtYT0fOAmypjpIA/hN4mL4=,lwqmIT7o4//3+767nE8yaK0Z1VQ=
8,-11,0udzFAtYT0fOAmypjpIA/hN4mL4=,lwqmIT7o4//3+767nE8yaK0Z1VQ=
10,-16,0udzFAtYT0fOAmypjpIA/hN4mL4=,lwqmIT7o4//3+767nE8yaK0Z1VQ=
9,-8,0udzFAtYT0fOAmypjpIA/hN4mL4=,3/ZT9CfKFdvTDnLiF2+PWMOIoNw=
11,-14,0udzFAtYT0fOAmypjpIA/hN4mL4=,lwqmIT7o4//3+767nE8yaK0Z1VQ=
9,-14,0udzFAtYT0fOAmypjpIA/hN4mL4=,lwqmIT7o4//3+767nE8yaK0Z1VQ=
10,-14,0udzFAtYT0fOAmypjpIA/hN4mL4=,lwqmIT7o4//3+767nE8yaK0Z1VQ=
8,-14,0udzFAtYT0fOAmypjpIA/hN4mL4=,lwqmIT7o4//3+767nE8yaK0Z1VQ=
13,-16,0udzFAtYT0fOAmypjpIA/hN4mL4=,lwqmIT7o4//3+767nE8yaK0Z1VQ=
14,-13,0udzFAtYT0fOAmypjpIA/hN4mL4=,lwqmIT7o4//3+767nE8yaK0Z1VQ=
15,-13,0udzFAtYT0fOAmypjpIA/hN4mL4=,lwqmIT7o4//3+767nE8yaK0Z1VQ=
9,-16,0udzFAtYT0fOAmypjpIA/hN4mL4=,lwqmIT7o4//3+767nE8yaK0Z1VQ=
8,-16,0udzFAtYT0fOAmypjpIA/hN4mL4=,lwqmIT7o4//3+767nE8yaK0Z1VQ=
9,-12,0udzFAtYT0fOAmypjpIA/hN4mL4=,lwqmIT7o4//3+767nE8yaK0Z1VQ=
12,-13,0udzFAtYT0fOAmypjpIA/hN4mL4=,lwqmIT7o4//3+767nE8yaK0Z1VQ=
14,-12,0udzFAtYT0fOAmypjpIA/hN4mL4=,lwqmIT7o4//3+767nE8yaK0Z1VQ=
13,-13,0udzFAtYT0fOAmypjpIA/hN4mL4=,lwqmIT7o4//3+767nE8yaK0Z1VQ=
12,-8,0udzFAtYT0fOAmypjpIA/hN4mL4=,3/ZT9CfKFdvTDnLiF2+PWMOIoNw=
8,-4,0udzFAtYT0fOAmypjpIA/hN4mL4=,3/ZT9CfKFdvTDnLiF2+PWMOIoNw=
8,-1,0udzFAtYT0fOAmypjpIA/hN4mL4=,3/ZT9CfKFdvTDnLiF2+PWMOIoNw=
15,-12,0udzFAtYT0fOAmypjpIA/hN4mL4=,lwqmIT7o4//3+767nE8yaK0Z1VQ=
8,-6,0udzFAtYT0fOAmypjpIA/hN4mL4=,3/ZT9CfKFdvTDnLiF2+PWMOIoNw=
8,-8,0udzFAtYT0fOAmypjpIA/hN4mL4=,3/ZT9CfKFdvTDnLiF2+PWMOIoNw=
8,-2,0udzFAtYT0fOAmypjpIA/hN4mL4=,3/ZT9CfKFdvTDnLiF2+PWMOIoNw=
8,-5,0udzFAtYT0fOAmypjpIA/hN4mL4=,3/ZT9CfKFdvTDnLiF2+PWMOIoNw=
8,-3,0udzFAtYT0fOAmypjpIA/hN4mL4=,3/ZT9CfKFdvTDnLiF2+PWMOIoNw=
8,-7,0udzFAtYT0fOAmypjpIA/hN4mL4=,3/ZT9CfKFdvTDnLiF2+PWMOIoNw=
8,-9,0udzFAtYT0fOAmypjpIA/hN4mL4=,lwqmIT7o4//3+767nE8yaK0Z1VQ=
7,-20,kqz957UAv5KfQM9FMoklb1SZ1KE=,K32iVh6Cy+YD9LZuOZty9cmQ+CI=
7,-24,kqz957UAv5KfQM9FMoklb1SZ1KE=,K32iVh6Cy+YD9LZuOZty9cmQ+CI=
0,-19,kqz957UAv5KfQM9FMoklb1SZ1KE=,K32iVh6Cy+YD9LZuOZty9cmQ+CI=
7,-21,kqz957UAv5KfQM9FMoklb1SZ1KE=,K32iVh6Cy+YD9LZuOZty9cmQ+CI=
7,-22,kqz957UAv5KfQM9FMoklb1SZ1KE=,K32iVh6Cy+YD9LZuOZty9cmQ+CI=
0,-24,kqz957UAv5KfQM9FMoklb1SZ1KE=,K32iVh6Cy+YD9LZuOZty9cmQ+CI=
0,-20,kqz957UAv5KfQM9FMoklb1SZ1KE=,K32iVh6Cy+YD9LZuOZty9cmQ+CI=
5,-20,kqz957UAv5KfQM9FMoklb1SZ1KE=,K32iVh6Cy+YD9LZuOZty9cmQ+CI=
4,-20,kqz957UAv5KfQM9FMoklb1SZ1KE=,K32iVh6Cy+YD9LZuOZty9cmQ+CI=
1,-19,kqz957UAv5KfQM9FMoklb1SZ1KE=,K32iVh6Cy+YD9LZuOZty9cmQ+CI=
3,-20,kqz957UAv5KfQM9FMoklb1SZ1KE=,K32iVh6Cy+YD9LZuOZty9cmQ+CI=
2,-19,kqz957UAv5KfQM9FMoklb1SZ1KE=,K32iVh6Cy+YD9LZuOZty9cmQ+CI=
5,-24,kqz957UAv5KfQM9FMoklb1SZ1KE=,K32iVh6Cy+YD9LZuOZty9cmQ+CI=
3,-24,kqz957UAv5KfQM9FMoklb1SZ1KE=,K32iVh6Cy+YD9LZuOZty9cmQ+CI=
7,-23,kqz957UAv5KfQM9FMoklb1SZ1KE=,K32iVh6Cy+YD9LZuOZty9cmQ+CI=
0,-23,kqz957UAv5KfQM9FMoklb1SZ1KE=,K32iVh6Cy+YD9LZuOZty9cmQ+CI=
3,-19,kqz957UAv5KfQM9FMoklb1SZ1KE=,K32iVh6Cy+YD9LZuOZty9cmQ+CI=
6,-21,kqz957UAv5KfQM9FMoklb1SZ1KE=,K32iVh6Cy+YD9LZuOZty9cmQ+CI=
2,-20,kqz957UAv5KfQM9FMoklb1SZ1KE=,K32iVh6Cy+YD9LZuOZty9cmQ+CI=
0,-21,kqz957UAv5KfQM9FMoklb1SZ1KE=,K32iVh6Cy+YD9LZuOZty9cmQ+CI=
6,-22,kqz957UAv5KfQM9FMoklb1SZ1KE=,K32iVh6Cy+YD9LZuOZty9cmQ+CI=
5,-22,kqz957UAv5KfQM9FMoklb1SZ1KE=,K32iVh6Cy+YD9LZuOZty9cmQ+CI=
5,-21,kqz957UAv5KfQM9FMoklb1SZ1KE=,K32iVh6Cy+YD9LZuOZty9cmQ+CI=
4,-19,kqz957UAv5KfQM9FMoklb1SZ1KE=,K32iVh6Cy+YD9LZuOZty9cmQ+CI=
5,-19,kqz957UAv5KfQM9FMoklb1SZ1KE=,K32iVh6Cy+YD9LZuOZty9cmQ+CI=
3,-22,kqz957UAv5KfQM9FMoklb1SZ1KE=,K32iVh6Cy+YD9LZuOZty9cmQ+CI=
6,-24,kqz957UAv5KfQM9FMoklb1SZ1KE=,K32iVh6Cy+YD9LZuOZty9cmQ+CI=
1,-20,kqz957UAv5KfQM9FMoklb1SZ1KE=,K32iVh6Cy+YD9LZuOZty9cmQ+CI=
4,-24,kqz957UAv5KfQM9FMoklb1SZ1KE=,K32iVh6Cy+YD9LZuOZty9cmQ+CI=
1,-23,kqz957UAv5KfQM9FMoklb1SZ1KE=,K32iVh6Cy+YD9LZuOZty9cmQ+CI=
4,-22,kqz957UAv5KfQM9FMoklb1SZ1KE=,K32iVh6Cy+YD9LZuOZty9cmQ+CI=
2,-23,kqz957UAv5KfQM9FMoklb1SZ1KE=,K32iVh6Cy+YD9LZuOZty9cmQ+CI=
6,-19,kqz957UAv5KfQM9FMoklb1SZ1KE=,K32iVh6Cy+YD9LZuOZty9cmQ+CI=
2,-24,kqz957UAv5KfQM9FMoklb1SZ1KE=,K32iVh6Cy+YD9LZuOZty9cmQ+CI=
7,-17,kqz957UAv5KfQM9FMoklb1SZ1KE=,K32iVh6Cy+YD9LZuOZty9cmQ+CI=
7,-19,kqz957UAv5KfQM9FMoklb1SZ1KE=,K32iVh6Cy+YD9LZuOZty9cmQ+CI=
0,-18,kqz957UAv5KfQM9FMoklb1SZ1KE=,K32iVh6Cy+YD9LZuOZty9cmQ+CI=
5,-23,kqz957UAv5KfQM9FMoklb1SZ1KE=,K32iVh6Cy+YD9LZuOZty9cmQ+CI=
6,-23,kqz957UAv5KfQM9FMoklb1SZ1KE=,K32iVh6Cy+YD9LZuOZty9cmQ+CI=
6,-17,kqz957UAv5KfQM9FMoklb1SZ1KE=,K32iVh6Cy+YD9LZuOZty9cmQ+CI=
5,-17,kqz957UAv5KfQM9FMoklb1SZ1KE=,K32iVh6Cy+YD9LZuOZty9cmQ+CI=
1,-18,kqz957UAv5KfQM9FMoklb1SZ1KE=,K32iVh6Cy+YD9LZuOZty9cmQ+CI=
4,-23,kqz957UAv5KfQM9FMoklb1SZ1KE=,K32iVh6Cy+YD9LZuOZty9cmQ+CI=
4,-17,kqz957UAv5KfQM9FMoklb1SZ1KE=,K32iVh6Cy+YD9LZuOZty9cmQ+CI=
4,-21,kqz957UAv5KfQM9FMoklb1SZ1KE=,K32iVh6Cy+YD9LZuOZty9cmQ+CI=
2,-18,kqz957UAv5KfQM9FMoklb1SZ1KE=,K32iVh6Cy+YD9LZuOZty9cmQ+CI=
3,-21,kqz957UAv5KfQM9FMoklb1SZ1KE=,K32iVh6Cy+YD9LZuOZty9cmQ+CI=
3,-17,kqz957UAv5KfQM9FMoklb1SZ1KE=,K32iVh6Cy+YD9LZuOZty9cmQ+CI=
2,-21,kqz957UAv5KfQM9FMoklb1SZ1KE=,K32iVh6Cy+YD9LZuOZty9cmQ+CI=
1,-24,kqz957UAv5KfQM9FMoklb1SZ1KE=,K32iVh6Cy+YD9LZuOZty9cmQ+CI=
0,-22,kqz957UAv5KfQM9FMoklb1SZ1KE=,K32iVh6Cy+YD9LZuOZty9cmQ+CI=
2,-22,kqz957UAv5KfQM9FMoklb1SZ1KE=,K32iVh6Cy+YD9LZuOZty9cmQ+CI=
2,-17,kqz957UAv5KfQM9FMoklb1SZ1KE=,K32iVh6Cy+YD9LZuOZty9cmQ+CI=
3,-18,kqz957UAv5KfQM9FMoklb1SZ1KE=,K32iVh6Cy+YD9LZuOZty9cmQ+CI=
1,-17,kqz957UAv5KfQM9FMoklb1SZ1KE=,K32iVh6Cy+YD9LZuOZty9cmQ+CI=
4,-18,kqz957UAv5KfQM9FMoklb1SZ1KE=,K32iVh6Cy+YD9LZuOZty9cmQ+CI=
7,-18,kqz957UAv5KfQM9FMoklb1SZ1KE=,K32iVh6Cy+YD9LZuOZty9cmQ+CI=
1,-21,kqz957UAv5KfQM9FMoklb1SZ1KE=,K32iVh6Cy+YD9LZuOZty9cmQ+CI=
0,-17,kqz957UAv5KfQM9FMoklb1SZ1KE=,K32iVh6Cy+YD9LZuOZty9cmQ+CI=
5,-18,kqz957UAv5KfQM9FMoklb1SZ1KE=,K32iVh6Cy+YD9LZuOZty9cmQ+CI=
6,-18,kqz957UAv5KfQM9FMoklb1SZ1KE=,K32iVh6Cy+YD9LZuOZty9cmQ+CI=
1,-22,kqz957UAv5KfQM9FMoklb1SZ1KE=,K32iVh6Cy+YD9LZuOZty9cmQ+CI=
6,-20,kqz957UAv5KfQM9FMoklb1SZ1KE=,K32iVh6Cy+YD9LZuOZty9cmQ+CI=
3,-23,kqz957UAv5KfQM9FMoklb1SZ1KE=,K32iVh6Cy+YD9LZuOZty9cmQ+CI=
